1 1
500.0
20010   50    1   RM=  0.50, SNAKE River
    1  103
       0.0     315.0      50.0     315.0     100.0     315.0     150.0     315.0
     200.0     315.0     250.0     315.0     300.0     315.0     350.0     315.0
     400.0     315.0     450.0     315.0     500.0     315.0     550.0     315.0
     600.0     315.0     650.0     315.0     700.0     315.0     750.0     315.0
     800.0     315.0     850.0     315.0     900.0     315.0     950.0     315.0
    1000.0     315.0    1050.0     315.1    1100.0     315.4    1150.0     315.7
    1200.0     316.0    1250.0     316.4    1300.0     316.7    1350.0     317.0
    1400.0     317.3    1450.0     317.8    1500.0     318.4    1550.0     319.0
    1600.0     319.7    1650.0     320.0    1700.0     320.0    1750.0     320.0
    1800.0     320.0    1850.0     319.3    1900.0     318.4    1950.0     317.4
    2000.0     316.4    2050.0     315.4    2100.0     314.7    2150.0     314.1
    2200.0     313.6    2250.0     311.5    2300.0     307.8    2350.0     308.7
    2400.0     311.2    2450.0     312.5    2500.0     313.3    2550.0     313.6
    2600.0     313.7    2650.0     313.7    2700.0     313.7    2750.0     313.7
    2800.0     313.8    2850.0     313.8    2900.0     314.0    2950.0     314.1
    3000.0     314.2    3050.0     314.3    3100.0     314.5    3150.0     314.6
    3200.0     314.7    3250.0     314.9    3300.0     315.2    3350.0     316.9
    3400.0     318.6    3450.0     320.1    3500.0     322.0    3550.0     324.3
    3600.0     328.0    3650.0     330.2    3700.0     332.4    3750.0     334.4
    3800.0     334.0    3850.0     326.7    3900.0     321.6    3950.0     320.0
    4000.0     320.0    4050.0     320.0    4100.0     320.1    4150.0     320.6
    4200.0     321.1    4250.0     321.7    4300.0     322.1    4350.0     322.6
    4400.0     323.1    4450.0     323.6    4500.0     324.2    4550.0     324.7
    4600.0     326.0    4650.0     327.7    4700.0     329.4    4750.0     331.2
    4800.0     333.3    4850.0     334.8    4900.0     348.9    4950.0     376.1
    5000.0     404.4    5050.0     432.8    5100.0     461.2 /
20020   50    1   RM=  1.00, SNAKE River
    1   80
       0.0     340.1      50.0     340.2     100.0     340.3     150.0     340.4
     200.0     340.6     250.0     340.7     300.0     340.8     350.0     340.9
     400.0     341.1     450.0     341.2     500.0     341.4     550.0     341.7
     600.0     341.9     650.0     342.1     700.0     342.3     750.0     342.5
     800.0     342.7     850.0     343.0     900.0     343.1     950.0     343.3
    1000.0     343.6    1050.0     343.8    1100.0     344.0    1150.0     344.3
    1200.0     344.6    1250.0     344.9    1300.0     333.4    1350.0     321.4
    1400.0     317.0    1450.0     315.6    1500.0     314.3    1550.0     312.9
    1600.0     311.3    1650.0     310.2    1700.0     309.3    1750.0     309.3
    1800.0     309.5    1850.0     308.7    1900.0     308.1    1950.0     307.3
    2000.0     306.3    2050.0     305.5    2100.0     305.0    2150.0     305.2
    2200.0     305.9    2250.0     306.6    2300.0     308.2    2350.0     310.6
    2400.0     311.8    2450.0     313.7    2500.0     315.0    2550.0     315.3
    2600.0     315.8    2650.0     316.5    2700.0     317.8    2750.0     319.0
    2800.0     319.9    2850.0     320.0    2900.0     320.0    2950.0     320.0
    3000.0     320.0    3050.0     320.0    3100.0     320.0    3150.0     320.0
    3200.0     320.0    3250.0     322.7    3300.0     325.1    3350.0     326.7
    3400.0     327.5    3450.0     329.1    3500.0     330.7    3550.0     334.1
    3600.0     341.2    3650.0     361.2    3700.0     384.4    3750.0     403.2
    3800.0     420.5    3850.0     435.0    3900.0     443.3    3950.0     463.2 /
20030   50    1   RM=  1.50, SNAKE River
    1   62
     650.0     454.5     700.0     430.4     750.0     406.4     800.0     382.2
     850.0     358.9     900.0     348.1     950.0     346.0    1000.0     344.9
    1050.0     344.7    1100.0     344.7    1150.0     344.6    1200.0     344.5
    1250.0     344.0    1300.0     343.4    1350.0     343.3    1400.0     343.4
    1450.0     343.6    1500.0     343.6    1550.0     343.5    1600.0     343.5
    1650.0     342.7    1700.0     340.5    1750.0     336.8    1800.0     330.5
    1850.0     324.1    1900.0     318.6    1950.0     307.0    2000.0     301.1
    2050.0     297.8    2100.0     291.8    2150.0     287.7    2200.0     287.0
    2250.0     291.6    2300.0     299.1    2350.0     303.2    2400.0     309.8
    2450.0     314.2    2500.0     315.6    2550.0     316.8    2600.0     317.9
    2650.0     319.1    2700.0     320.0    2750.0     320.5    2800.0     321.0
    2850.0     321.5    2900.0     322.0    2950.0     322.4    3000.0     322.9
    3050.0     323.4    3100.0     323.9    3150.0     324.4    3200.0     324.9
    3250.0     325.4    3300.0     332.5    3350.0     337.4    3400.0     339.7
    3450.0     340.0    3500.0     340.0    3550.0     352.0    3600.0     400.6
    3650.0     434.6    3700.0     466.7 /
20040   50    1   RM=  2.00, SNAKE River
    1   49
    1300.0     472.6    1350.0     450.8    1400.0     429.1    1450.0     407.4
    1500.0     388.8    1550.0     381.1    1600.0     374.1    1650.0     367.0
    1700.0     362.2    1750.0     349.8    1800.0     337.3    1850.0     325.8
    1900.0     318.0    1950.0     314.8    2000.0     311.6    2050.0     308.0
    2100.0     305.9    2150.0     305.6    2200.0     307.0    2250.0     308.3
    2300.0     310.5    2350.0     312.7    2400.0     314.6    2450.0     316.1
    2500.0     316.1    2550.0     315.9    2600.0     315.6    2650.0     315.4
    2700.0     315.0    2750.0     314.6    2800.0     314.1    2850.0     313.4
    2900.0     313.1    2950.0     313.7    3000.0     313.8    3050.0     314.2
    3100.0     315.3    3150.0     316.3    3200.0     321.1    3250.0     325.4
    3300.0     327.9    3350.0     330.3    3400.0     333.4    3450.0     340.5
    3500.0     366.6    3550.0     396.9    3600.0     427.0    3650.0     457.0
    3700.0     477.0 /
20050   50    1   RM=  2.50, SNAKE River
    1   47
    1400.0     450.6    1450.0     428.0    1500.0     391.7    1550.0     361.6
    1600.0     351.7    1650.0     341.9    1700.0     335.6    1750.0     329.8
    1800.0     327.1    1850.0     324.1    1900.0     320.0    1950.0     319.0
    2000.0     318.1    2050.0     317.4    2100.0     317.3    2150.0     317.4
    2200.0     317.4    2250.0     317.4    2300.0     317.4    2350.0     317.4
    2400.0     317.3    2450.0     317.1    2500.0     316.8    2550.0     315.7
    2600.0     313.8    2650.0     312.2    2700.0     311.6    2750.0     311.2
    2800.0     311.1    2850.0     311.6    2900.0     311.3    2950.0     311.4
    3000.0     312.1    3050.0     313.1    3100.0     313.8    3150.0     314.2
    3200.0     314.4    3250.0     314.9    3300.0     316.4    3350.0     317.9
    3400.0     320.7    3450.0     325.8    3500.0     328.8    3550.0     330.4
    3600.0     340.7    3650.0     384.2    3700.0     438.3 /
20060   50    1   RM=  3.00, SNAKE River
    1   60
    1200.0     447.0    1250.0     408.4    1300.0     376.4    1350.0     367.3
    1400.0     369.3    1450.0     360.0    1500.0     353.1    1550.0     349.1
    1600.0     346.6    1650.0     344.0    1700.0     341.2    1750.0     337.4
    1800.0     331.6    1850.0     325.2    1900.0     324.4    1950.0     324.0
    2000.0     323.5    2050.0     323.0    2100.0     322.6    2150.0     323.0
    2200.0     323.8    2250.0     324.5    2300.0     325.5    2350.0     327.4
    2400.0     329.3    2450.0     330.0    2500.0     329.5    2550.0     326.1
    2600.0     325.1    2650.0     326.0    2700.0     327.0    2750.0     328.1
    2800.0     329.1    2850.0     329.9    2900.0     330.0    2950.0     329.9
    3000.0     328.1    3050.0     326.0    3100.0     317.9    3150.0     312.8
    3200.0     308.7    3250.0     308.5    3300.0     309.5    3350.0     310.9
    3400.0     312.1    3450.0     313.0    3500.0     313.2    3550.0     312.8
    3600.0     313.7    3650.0     317.4    3700.0     321.1    3750.0     336.0
    3800.0     360.1    3850.0     374.7    3900.0     383.8    3950.0     396.3
    4000.0     413.6    4050.0     431.7    4100.0     449.8    4150.0     467.9 /
20070   50    1   RM=  3.50, SNAKE River
    1   74
     700.0     472.7     750.0     453.1     800.0     430.9     850.0     408.8
     900.0     378.0     950.0     359.9    1000.0     344.8    1050.0     340.6
    1100.0     333.9    1150.0     325.7    1200.0     325.0    1250.0     325.0
    1300.0     324.9    1350.0     324.8    1400.0     324.7    1450.0     324.8
    1500.0     325.1    1550.0     328.1    1600.0     331.3    1650.0     334.0
    1700.0     338.8    1750.0     341.5    1800.0     343.1    1850.0     344.6
    1900.0     345.0    1950.0     345.0    2000.0     345.0    2050.0     345.0
    2100.0     345.0    2150.0     345.0    2200.0     345.0    2250.0     339.7
    2300.0     328.7    2350.0     326.2    2400.0     325.5    2450.0     326.4
    2500.0     327.6    2550.0     328.9    2600.0     330.0    2650.0     330.0
    2700.0     330.0    2750.0     330.0    2800.0     330.0    2850.0     330.0
    2900.0     330.0    2950.0     330.0    3000.0     330.0    3050.0     330.0
    3100.0     330.0    3150.0     330.0    3200.0     330.0    3250.0     329.6
    3300.0     328.7    3350.0     327.8    3400.0     326.9    3450.0     326.1
    3500.0     325.2    3550.0     323.4    3600.0     321.2    3650.0     318.4
    3700.0     314.7    3750.0     311.5    3800.0     309.5    3850.0     309.0
    3900.0     308.5    3950.0     309.6    4000.0     313.8    4050.0     318.9
    4100.0     344.3    4150.0     378.2    4200.0     408.5    4250.0     429.5
    4300.0     449.1    4350.0     468.1 /
20080   50    1   RM=  4.00, SNAKE River
    1   72
     750.0     479.1     800.0     458.8     850.0     446.2     900.0     434.2
     950.0     420.9    1000.0     407.6    1050.0     396.5    1100.0     385.0
    1150.0     373.4    1200.0     351.8    1250.0     337.2    1300.0     328.6
    1350.0     324.7    1400.0     323.9    1450.0     323.2    1500.0     322.5
    1550.0     322.8    1600.0     323.3    1650.0     323.9    1700.0     324.5
    1750.0     325.0    1800.0     325.9    1850.0     326.8    1900.0     327.7
    1950.0     328.6    2000.0     329.5    2050.0     337.1    2100.0     345.0
    2150.0     345.0    2200.0     345.0    2250.0     345.0    2300.0     345.0
    2350.0     345.0    2400.0     345.0    2450.0     345.0    2500.0     345.0
    2550.0     345.0    2600.0     345.0    2650.0     345.0    2700.0     345.0
    2750.0     345.0    2800.0     345.0    2850.0     345.0    2900.0     336.6
    2950.0     321.5    3000.0     317.8    3050.0     313.6    3100.0     311.9
    3150.0     311.7    3200.0     312.3    3250.0     312.3    3300.0     312.6
    3350.0     313.1    3400.0     314.7    3450.0     317.4    3500.0     319.8
    3550.0     323.1    3600.0     327.0    3650.0     342.5    3700.0     331.4
    3750.0     325.2    3800.0     326.0    3850.0     332.8    3900.0     344.8
    3950.0     356.1    4000.0     371.2    4050.0     386.4    4100.0     390.5
    4150.0     394.7    4200.0     397.9    4250.0     418.6    4300.0     460.1 /
20090   50    1   RM=  4.50, SNAKE River
    1   67
     950.0     447.3    1000.0     416.4    1050.0     406.2    1100.0     398.2
    1150.0     391.5    1200.0     381.9    1250.0     373.5    1300.0     360.3
    1350.0     349.5    1400.0     335.4    1450.0     324.4    1500.0     323.1
    1550.0     321.7    1600.0     321.7    1650.0     321.8    1700.0     322.5
    1750.0     323.7    1800.0     325.7    1850.0     328.4    1900.0     331.5
    1950.0     335.3    2000.0     339.7    2050.0     343.8    2100.0     345.0
    2150.0     345.0    2200.0     345.0    2250.0     343.7    2300.0     341.8
    2350.0     339.3    2400.0     334.7    2450.0     329.5    2500.0     326.1
    2550.0     323.9    2600.0     321.3    2650.0     319.0    2700.0     317.8
    2750.0     317.4    2800.0     317.2    2850.0     317.6    2900.0     318.6
    2950.0     319.9    3000.0     320.9    3050.0     321.7    3100.0     322.5
    3150.0     323.3    3200.0     323.8    3250.0     324.2    3300.0     324.7
    3350.0     327.1    3400.0     332.1    3450.0     337.2    3500.0     343.4
    3550.0     347.9    3600.0     345.6    3650.0     339.6    3700.0     349.1
    3750.0     337.3    3800.0     352.8    3850.0     367.7    3900.0     376.5
    3950.0     387.1    4000.0     393.6    4050.0     396.3    4100.0     398.2
    4150.0     399.8    4200.0     449.9    4250.0     472.0 /
20100   50    1   RM=  5.00, SNAKE River
    1   81
     800.0     475.8     850.0     464.5     900.0     451.1     950.0     436.1
    1000.0     420.9    1050.0     407.8    1100.0     402.8    1150.0     397.0
    1200.0     390.8    1250.0     387.5    1300.0     378.5    1350.0     360.0
    1400.0     342.6    1450.0     330.3    1500.0     328.7    1550.0     327.5
    1600.0     326.5    1650.0     326.2    1700.0     325.7    1750.0     325.7
    1800.0     325.2    1850.0     324.6    1900.0     324.5    1950.0     324.3
    2000.0     324.4    2050.0     324.9    2100.0     325.4    2150.0     325.2
    2200.0     324.5    2250.0     323.5    2300.0     323.2    2350.0     323.8
    2400.0     325.2    2450.0     324.4    2500.0     321.6    2550.0     322.2
    2600.0     319.9    2650.0     321.8    2700.0     323.0    2750.0     322.7
    2800.0     324.2    2850.0     326.1    2900.0     327.7    2950.0     329.1
    3000.0     331.2    3050.0     334.5    3100.0     338.9    3150.0     343.2
    3200.0     344.6    3250.0     344.1    3300.0     344.7    3350.0     345.6
    3400.0     346.4    3450.0     347.2    3500.0     348.0    3550.0     348.8
    3600.0     349.4    3650.0     352.7    3700.0     351.2    3750.0     332.2
    3800.0     339.9    3850.0     351.9    3900.0     355.0    3950.0     354.7
    4000.0     350.9    4050.0     350.0    4100.0     350.0    4150.0     350.0
    4200.0     350.0    4250.0     350.0    4300.0     350.0    4350.0     350.2
    4400.0     352.7    4450.0     356.8    4500.0     365.1    4550.0     371.7
    4600.0     386.3    4650.0     395.7    4700.0     403.8    4750.0     433.1
    4800.0     461.2 /
20110   50    1   RM=  5.50, SNAKE River
    1   74
     700.0     468.5     750.0     438.2     800.0     418.4     850.0     404.7
     900.0     387.8     950.0     376.5    1000.0     375.3    1050.0     376.9
    1100.0     383.5    1150.0     389.7    1200.0     380.7    1250.0     372.0
    1300.0     365.4    1350.0     361.2    1400.0     357.9    1450.0     354.0
    1500.0     344.5    1550.0     330.5    1600.0     330.0    1650.0     335.6
    1700.0     342.2    1750.0     347.2    1800.0     350.3    1850.0     351.6
    1900.0     352.7    1950.0     352.9    2000.0     351.1    2050.0     346.8
    2100.0     343.9    2150.0     341.8    2200.0     338.5    2250.0     331.5
    2300.0     328.0    2350.0     325.5    2400.0     323.1    2450.0     320.5
    2500.0     319.4    2550.0     319.4    2600.0     319.0    2650.0     319.4
    2700.0     319.6    2750.0     319.6    2800.0     319.2    2850.0     319.3
    2900.0     322.2    2950.0     324.8    3000.0     326.1    3050.0     327.4
    3100.0     328.9    3150.0     330.2    3200.0     333.0    3250.0     335.0
    3300.0     335.0    3350.0     335.0    3400.0     335.2    3450.0     336.7
    3500.0     338.1    3550.0     339.6    3600.0     342.2    3650.0     345.2
    3700.0     348.7    3750.0     352.0    3800.0     343.1    3850.0     335.5
    3900.0     338.8    3950.0     351.1    4000.0     362.0    4050.0     382.8
    4100.0     395.6    4150.0     409.0    4200.0     423.0    4250.0     439.0
    4300.0     456.5    4350.0     473.6 /
20120   50    1   RM=  6.00, SNAKE River
    1   75
     550.0     479.0     600.0     470.2     650.0     458.3     700.0     446.4
     750.0     434.5     800.0     422.7     850.0     416.4     900.0     412.6
     950.0     407.7    1000.0     401.6    1050.0     398.5    1100.0     396.3
    1150.0     394.4    1200.0     393.1    1250.0     391.8    1300.0     390.5
    1350.0     381.6    1400.0     373.6    1450.0     366.7    1500.0     359.5
    1550.0     355.5    1600.0     352.4    1650.0     349.5    1700.0     347.1
    1750.0     345.2    1800.0     343.7    1850.0     342.3    1900.0     340.8
    1950.0     338.7    2000.0     336.2    2050.0     334.7    2100.0     334.2
    2150.0     333.7    2200.0     333.3    2250.0     332.8    2300.0     331.2
    2350.0     329.6    2400.0     327.0    2450.0     322.1    2500.0     320.6
    2550.0     319.8    2600.0     321.7    2650.0     331.7    2700.0     330.4
    2750.0     330.0    2800.0     331.6    2850.0     332.4    2900.0     332.6
    2950.0     332.9    3000.0     333.2    3050.0     333.3    3100.0     333.5
    3150.0     333.6    3200.0     333.7    3250.0     333.6    3300.0     333.6
    3350.0     338.8    3400.0     336.2    3450.0     339.4    3500.0     340.8
    3550.0     341.7    3600.0     342.7    3650.0     343.7    3700.0     344.6
    3750.0     345.0    3800.0     345.0    3850.0     353.8    3900.0     373.6
    3950.0     382.9    4000.0     386.3    4050.0     388.6    4100.0     392.0
    4150.0     407.9    4200.0     425.3    4250.0     466.9 /
20130   50    1   RM=  6.50, SNAKE River
    1   65
     650.0     476.2     700.0     459.3     750.0     435.9     800.0     420.0
     850.0     420.0     900.0     420.0     950.0     420.0    1000.0     420.0
    1050.0     420.0    1100.0     420.0    1150.0     420.0    1200.0     420.0
    1250.0     420.0    1300.0     411.2    1350.0     397.9    1400.0     391.9
    1450.0     380.7    1500.0     368.7    1550.0     347.6    1600.0     337.1
    1650.0     335.0    1700.0     335.0    1750.0     335.0    1800.0     338.4
    1850.0     340.0    1900.0     340.0    1950.0     340.0    2000.0     338.5
    2050.0     335.9    2100.0     334.4    2150.0     333.6    2200.0     332.9
    2250.0     332.2    2300.0     331.9    2350.0     331.7    2400.0     331.6
    2450.0     331.4    2500.0     331.0    2550.0     330.8    2600.0     330.4
    2650.0     330.0    2700.0     329.8    2750.0     329.5    2800.0     329.2
    2850.0     328.7    2900.0     328.7    2950.0     328.7    3000.0     329.1
    3050.0     329.2    3100.0     328.9    3150.0     328.8    3200.0     329.0
    3250.0     329.3    3300.0     331.8    3350.0     333.2    3400.0     334.3
    3450.0     339.2    3500.0     348.9    3550.0     361.2    3600.0     372.6
    3650.0     379.5    3700.0     395.8    3750.0     421.9    3800.0     449.4
    3850.0     473.1 /
20140   50    1   RM=  7.00, SNAKE River
    1   63
     600.0     460.8     650.0     442.2     700.0     426.7     750.0     412.3
     800.0     400.2     850.0     394.9     900.0     379.6     950.0     375.1
    1000.0     372.3    1050.0     370.1    1100.0     367.1    1150.0     365.1
    1200.0     364.5    1250.0     362.4    1300.0     360.5    1350.0     359.7
    1400.0     358.5    1450.0     357.3    1500.0     356.2    1550.0     354.9
    1600.0     350.9    1650.0     346.3    1700.0     349.5    1750.0     350.0
    1800.0     350.0    1850.0     350.0    1900.0     349.8    1950.0     345.8
    2000.0     342.2    2050.0     338.8    2100.0     334.9    2150.0     332.2
    2200.0     329.7    2250.0     327.5    2300.0     326.5    2350.0     326.1
    2400.0     326.0    2450.0     325.8    2500.0     325.7    2550.0     326.4
    2600.0     326.9    2650.0     329.0    2700.0     327.8    2750.0     327.9
    2800.0     329.2    2850.0     330.4    2900.0     330.9    2950.0     330.5
    3000.0     331.1    3050.0     331.4    3100.0     331.0    3150.0     329.5
    3200.0     328.2    3250.0     329.8    3300.0     331.7    3350.0     333.5
    3400.0     337.9    3450.0     352.9    3500.0     378.1    3550.0     384.6
    3600.0     391.2    3650.0     418.9    3700.0     454.1 /
20150   50    1   RM=  7.50, SNAKE River
    1   72
     350.0     469.2     400.0     448.5     450.0     427.4     500.0     412.7
     550.0     412.7     600.0     414.4     650.0     416.7     700.0     419.0
     750.0     419.9     800.0     420.0     850.0     419.9     900.0     419.2
     950.0     417.6    1000.0     416.0    1050.0     411.8    1100.0     405.9
    1150.0     401.9    1200.0     398.5    1250.0     395.7    1300.0     391.9
    1350.0     385.6    1400.0     379.3    1450.0     374.6    1500.0     364.9
    1550.0     359.3    1600.0     355.9    1650.0     353.7    1700.0     351.9
    1750.0     350.3    1800.0     349.2    1850.0     348.3    1900.0     347.4
    1950.0     346.6    2000.0     345.7    2050.0     343.9    2100.0     338.0
    2150.0     334.8    2200.0     332.6    2250.0     332.2    2300.0     332.1
    2350.0     331.3    2400.0     330.4    2450.0     331.3    2500.0     332.5
    2550.0     333.7    2600.0     334.7    2650.0     334.8    2700.0     334.8
    2750.0     334.8    2800.0     334.7    2850.0     334.7    2900.0     334.6
    2950.0     334.5    3000.0     333.7    3050.0     332.6    3100.0     332.0
    3150.0     331.5    3200.0     331.6    3250.0     331.6    3300.0     331.6
    3350.0     332.9    3400.0     334.1    3450.0     333.9    3500.0     336.2
    3550.0     338.9    3600.0     354.4    3650.0     386.7    3700.0     395.5
    3750.0     411.8    3800.0     425.7    3850.0     440.6    3900.0     460.6 /
20160   50    1   RM=  8.00, SNAKE River
    1   72
     500.0     477.5     550.0     473.0     600.0     468.0     650.0     463.1
     700.0     458.1     750.0     453.1     800.0     448.1     850.0     443.1
     900.0     438.2     950.0     433.2    1000.0     428.2    1050.0     425.0
    1100.0     425.0    1150.0     425.0    1200.0     424.4    1250.0     423.2
    1300.0     421.7    1350.0     418.3    1400.0     410.5    1450.0     410.8
    1500.0     409.4    1550.0     407.4    1600.0     404.5    1650.0     399.2
    1700.0     390.5    1750.0     386.1    1800.0     379.9    1850.0     363.9
    1900.0     347.1    1950.0     339.2    2000.0     336.5    2050.0     335.7
    2100.0     335.0    2150.0     333.5    2200.0     333.7    2250.0     334.6
    2300.0     334.7    2350.0     334.5    2400.0     334.6    2450.0     333.7
    2500.0     333.3    2550.0     332.4    2600.0     331.4    2650.0     331.4
    2700.0     332.1    2750.0     331.3    2800.0     331.5    2850.0     332.0
    2900.0     332.8    2950.0     335.2    3000.0     340.6    3050.0     345.6
    3100.0     347.7    3150.0     349.6    3200.0     349.0    3250.0     344.1
    3300.0     336.7    3350.0     333.0    3400.0     331.7    3450.0     332.0
    3500.0     334.3    3550.0     336.8    3600.0     341.3    3650.0     352.3
    3700.0     399.2    3750.0     442.5    3800.0     460.8    3850.0     463.2
    3900.0     465.1    3950.0     466.6    4000.0     471.4    4050.0     476.8 /
20170   50    1   RM=  8.50, SNAKE River
    1   71
     800.0     478.8     850.0     467.6     900.0     455.7     950.0     443.8
    1000.0     436.7    1050.0     425.7    1100.0     425.0    1150.0     425.0
    1200.0     425.0    1250.0     425.0    1300.0     425.0    1350.0     425.0
    1400.0     425.0    1450.0     425.0    1500.0     420.0    1550.0     414.1
    1600.0     412.4    1650.0     409.4    1700.0     402.3    1750.0     395.9
    1800.0     387.1    1850.0     382.8    1900.0     380.1    1950.0     376.6
    2000.0     373.5    2050.0     358.0    2100.0     343.5    2150.0     338.9
    2200.0     336.2    2250.0     334.2    2300.0     332.1    2350.0     331.0
    2400.0     331.9    2450.0     332.4    2500.0     332.8    2550.0     333.0
    2600.0     333.2    2650.0     333.4    2700.0     333.9    2750.0     334.5
    2800.0     334.9    2850.0     335.0    2900.0     335.2    2950.0     335.6
    3000.0     336.2    3050.0     336.8    3100.0     337.3    3150.0     337.7
    3200.0     337.8    3250.0     338.0    3300.0     338.4    3350.0     339.0
    3400.0     339.6    3450.0     340.9    3500.0     342.2    3550.0     343.4
    3600.0     344.6    3650.0     345.0    3700.0     340.4    3750.0     340.0
    3800.0     340.1    3850.0     351.3    3900.0     367.0    3950.0     382.3
    4000.0     396.8    4050.0     406.0    4100.0     411.1    4150.0     413.5
    4200.0     412.9    4250.0     411.7    4300.0     446.0 /
20180   50    1   RM=  9.00, SNAKE River
    1   70
     800.0     476.5     850.0     468.6     900.0     460.6     950.0     451.7
    1000.0     441.5    1050.0     437.4    1100.0     433.6    1150.0     429.6
    1200.0     426.7    1250.0     423.7    1300.0     420.9    1350.0     418.4
    1400.0     415.4    1450.0     412.8    1500.0     409.8    1550.0     406.8
    1600.0     406.2    1650.0     418.0    1700.0     417.1    1750.0     408.4
    1800.0     406.0    1850.0     403.6    1900.0     400.7    1950.0     390.3
    2000.0     376.1    2050.0     350.3    2100.0     340.1    2150.0     337.3
    2200.0     335.0    2250.0     332.9    2300.0     332.4    2350.0     330.8
    2400.0     330.4    2450.0     330.3    2500.0     330.5    2550.0     331.1
    2600.0     331.4    2650.0     331.5    2700.0     331.7    2750.0     331.9
    2800.0     331.9    2850.0     330.8    2900.0     329.5    2950.0     327.1
    3000.0     326.9    3050.0     326.4    3100.0     330.7    3150.0     334.4
    3200.0     335.8    3250.0     337.8    3300.0     339.9    3350.0     344.9
    3400.0     350.2    3450.0     353.1    3500.0     355.6    3550.0     357.7
    3600.0     359.8    3650.0     360.0    3700.0     360.0    3750.0     360.0
    3800.0     360.0    3850.0     360.0    3900.0     360.0    3950.0     361.6
    4000.0     370.5    4050.0     398.3    4100.0     425.0    4150.0     440.4
    4200.0     456.4    4250.0     472.3 /
20190   50    1   RM=  9.50, SNAKE River
    1   63
    1200.0     476.0    1250.0     469.1    1300.0     462.3    1350.0     455.4
    1400.0     448.6    1450.0     445.4    1500.0     442.4    1550.0     439.5
    1600.0     436.6    1650.0     433.0    1700.0     427.2    1750.0     420.3
    1800.0     417.4    1850.0     415.0    1900.0     412.0    1950.0     407.0
    2000.0     398.6    2050.0     382.0    2100.0     367.3    2150.0     348.5
    2200.0     339.0    2250.0     335.6    2300.0     332.1    2350.0     329.1
    2400.0     326.1    2450.0     325.2    2500.0     325.8    2550.0     327.2
    2600.0     328.4    2650.0     329.1    2700.0     329.6    2750.0     329.9
    2800.0     330.3    2850.0     333.1    2900.0     336.8    2950.0     339.9
    3000.0     340.0    3050.0     340.0    3100.0     340.0    3150.0     340.0
    3200.0     340.0    3250.0     340.0    3300.0     340.0    3350.0     343.0
    3400.0     348.8    3450.0     351.9    3500.0     354.0    3550.0     355.5
    3600.0     356.4    3650.0     357.3    3700.0     358.3    3750.0     359.2
    3800.0     366.1    3850.0     385.9    3900.0     393.7    3950.0     397.8
    4000.0     405.6    4050.0     412.1    4100.0     421.2    4150.0     428.7
    4200.0     449.5    4250.0     461.3    4300.0     472.7 /
20200   50    1   RM= 10.00, SNAKE River
    1   68
     600.0     515.8     650.0     504.2     700.0     495.5     750.0     486.7
     800.0     477.9     850.0     469.7     900.0     466.0     950.0     464.5
    1000.0     464.9    1050.0     466.5    1100.0     468.0    1150.0     469.2
    1200.0     470.0    1250.0     470.3    1300.0     468.2    1350.0     458.3
    1400.0     441.7    1450.0     437.8    1500.0     445.6    1550.0     446.8
    1600.0     444.7    1650.0     442.6    1700.0     440.6    1750.0     438.4
    1800.0     435.6    1850.0     430.0    1900.0     410.5    1950.0     374.5
    2000.0     353.0    2050.0     339.8    2100.0     339.1    2150.0     338.4
    2200.0     338.1    2250.0     337.6    2300.0     337.2    2350.0     336.3
    2400.0     334.8    2450.0     333.6    2500.0     332.7    2550.0     331.5
    2600.0     330.4    2650.0     329.2    2700.0     328.8    2750.0     329.7
    2800.0     330.5    2850.0     331.8    2900.0     321.7    2950.0     310.6
    3000.0     321.5    3050.0     332.8    3100.0     339.4    3150.0     342.2
    3200.0     346.6    3250.0     356.8    3300.0     369.8    3350.0     372.8
    3400.0     375.0    3450.0     378.2    3500.0     381.4    3550.0     381.8
    3600.0     383.0    3650.0     384.6    3700.0     386.1    3750.0     390.8
    3800.0     398.1    3850.0     414.3    3900.0     453.4    3950.0     513.4 /
20210   50    1   RM= 10.50, SNAKE River
    1   79
     500.0     507.0     550.0     481.2     600.0     459.9     650.0     448.3
     700.0     435.6     750.0     426.8     800.0     428.9     850.0     426.9
     900.0     405.2     950.0     391.5    1000.0     390.0    1050.0     390.0
    1100.0     390.3    1150.0     390.6    1200.0     390.0    1250.0     390.0
    1300.0     390.0    1350.0     390.0    1400.0     391.8    1450.0     397.2
    1500.0     401.2    1550.0     404.1    1600.0     405.5    1650.0     406.2
    1700.0     407.0    1750.0     407.7    1800.0     408.5    1850.0     409.2
    1900.0     410.4    1950.0     414.8    2000.0     417.9    2050.0     417.9
    2100.0     413.0    2150.0     408.5    2200.0     404.3    2250.0     400.1
    2300.0     394.7    2350.0     388.5    2400.0     374.2    2450.0     355.8
    2500.0     343.5    2550.0     339.1    2600.0     336.1    2650.0     333.8
    2700.0     332.0    2750.0     330.6    2800.0     330.1    2850.0     329.6
    2900.0     328.8    2950.0     327.7    3000.0     327.7    3050.0     329.1
    3100.0     330.1    3150.0     332.0    3200.0     336.3    3250.0     341.4
    3300.0     347.6    3350.0     353.1    3400.0     358.2    3450.0     361.2
    3500.0     362.0    3550.0     361.6    3600.0     361.2    3650.0     360.8
    3700.0     360.4    3750.0     359.7    3800.0     356.2    3850.0     352.5
    3900.0     347.4    3950.0     342.7    4000.0     340.3    4050.0     340.0
    4100.0     342.4    4150.0     359.4    4200.0     404.7    4250.0     426.1
    4300.0     451.5    4350.0     490.3    4400.0     518.3 /
20220   50    1   RM= 11.00, SNAKE River
    1   63
     750.0     496.5     800.0     458.3     850.0     437.3     900.0     420.4
     950.0     415.4    1000.0     415.0    1050.0     413.3    1100.0     409.6
    1150.0     408.0    1200.0     407.1    1250.0     406.5    1300.0     405.7
    1350.0     405.1    1400.0     403.7    1450.0     402.2    1500.0     399.8
    1550.0     395.7    1600.0     390.7    1650.0     386.8    1700.0     383.1
    1750.0     378.0    1800.0     371.3    1850.0     371.3    1900.0     376.1
    1950.0     374.5    2000.0     362.0    2050.0     348.4    2100.0     343.0
    2150.0     341.2    2200.0     340.4    2250.0     340.4    2300.0     340.2
    2350.0     339.5    2400.0     338.1    2450.0     337.5    2500.0     339.5
    2550.0     341.1    2600.0     340.9    2650.0     340.2    2700.0     340.9
    2750.0     341.9    2800.0     342.9    2850.0     344.0    2900.0     344.9
    2950.0     345.0    3000.0     345.0    3050.0     345.0    3100.0     345.0
    3150.0     345.0    3200.0     345.0    3250.0     342.5    3300.0     339.9
    3350.0     340.0    3400.0     340.7    3450.0     341.5    3500.0     342.2
    3550.0     343.5    3600.0     358.2    3650.0     391.2    3700.0     415.4
    3750.0     428.6    3800.0     460.7    3850.0     491.4 /
20230   50    1   RM= 11.50, SNAKE River
    1   49
    1300.0     498.0    1350.0     465.0    1400.0     455.5    1450.0     450.0
    1500.0     450.0    1550.0     449.8    1600.0     439.5    1650.0     425.0
    1700.0     417.4    1750.0     411.9    1800.0     407.7    1850.0     404.0
    1900.0     400.3    1950.0     398.2    2000.0     396.3    2050.0     393.8
    2100.0     390.5    2150.0     383.6    2200.0     362.2    2250.0     347.2
    2300.0     343.3    2350.0     341.6    2400.0     340.6    2450.0     340.5
    2500.0     340.1    2550.0     341.4    2600.0     341.6    2650.0     338.5
    2700.0     338.6    2750.0     339.9    2800.0     335.5    2850.0     332.9
    2900.0     333.7    2950.0     331.9    3000.0     332.5    3050.0     333.2
    3100.0     334.9    3150.0     337.3    3200.0     340.3    3250.0     341.8
    3300.0     342.9    3350.0     343.9    3400.0     344.4    3450.0     348.3
    3500.0     362.7    3550.0     386.4    3600.0     414.8    3650.0     460.1
    3700.0     510.6 /
20240   50    1   RM= 12.00, SNAKE River
    1   50
    1400.0     508.2    1450.0     476.6    1500.0     457.2    1550.0     435.7
    1600.0     401.9    1650.0     372.9    1700.0     357.6    1750.0     353.1
    1800.0     350.1    1850.0     348.3    1900.0     346.4    1950.0     345.0
    2000.0     345.0    2050.0     345.0    2100.0     345.0    2150.0     345.0
    2200.0     345.0    2250.0     344.9    2300.0     344.5    2350.0     343.9
    2400.0     342.9    2450.0     342.0    2500.0     340.8    2550.0     339.4
    2600.0     338.1    2650.0     337.0    2700.0     334.6    2750.0     334.1
    2800.0     336.3    2850.0     339.4    2900.0     341.1    2950.0     340.7
    3000.0     341.2    3050.0     341.3    3100.0     344.4    3150.0     354.9
    3200.0     377.2    3250.0     387.1    3300.0     393.7    3350.0     397.0
    3400.0     399.8    3450.0     406.7    3500.0     413.4    3550.0     418.7
    3600.0     422.5    3650.0     424.6    3700.0     425.0    3750.0     425.0
    3800.0     433.8    3850.0     491.0 /
20250   50    1   RM= 12.50, SNAKE River
    1   61
     650.0     508.4     700.0     493.3     750.0     489.5     800.0     485.0
     850.0     479.4     900.0     472.6     950.0     464.8    1000.0     456.7
    1050.0     449.3    1100.0     445.6    1150.0     440.4    1200.0     434.1
    1250.0     425.7    1300.0     419.8    1350.0     413.8    1400.0     407.6
    1450.0     401.3    1500.0     397.9    1550.0     395.3    1600.0     393.5
    1650.0     391.9    1700.0     390.4    1750.0     388.8    1800.0     386.8
    1850.0     384.4    1900.0     380.3    1950.0     375.3    2000.0     372.2
    2050.0     369.3    2100.0     363.1    2150.0     356.6    2200.0     353.8
    2250.0     352.4    2300.0     350.8    2350.0     349.5    2400.0     348.3
    2450.0     347.2    2500.0     346.0    2550.0     344.9    2600.0     344.1
    2650.0     343.4    2700.0     343.0    2750.0     342.0    2800.0     338.2
    2850.0     336.2    2900.0     335.7    2950.0     338.1    3000.0     344.9
    3050.0     342.7    3100.0     344.1    3150.0     345.2    3200.0     346.5
    3250.0     346.1    3300.0     345.2    3350.0     344.8    3400.0     344.9
    3450.0     345.0    3500.0     345.7    3550.0     350.5    3600.0     379.5
    3650.0     415.5 /
20260   50    1   RM= 13.00, SNAKE River
    1   79
     450.0     501.7     500.0     457.2     550.0     442.4     600.0     438.3
     650.0     433.9     700.0     429.0     750.0     424.5     800.0     420.0
     850.0     416.3     900.0     411.8     950.0     408.1    1000.0     405.0
    1050.0     404.1    1100.0     405.8    1150.0     411.6    1200.0     421.7
    1250.0     432.9    1300.0     435.0    1350.0     434.2    1400.0     433.1
    1450.0     430.9    1500.0     426.7    1550.0     415.1    1600.0     396.5
    1650.0     379.9    1700.0     365.6    1750.0     357.9    1800.0     353.4
    1850.0     346.6    1900.0     341.3    1950.0     337.5    2000.0     334.5
    2050.0     333.9    2100.0     334.9    2150.0     337.5    2200.0     341.6
    2250.0     344.4    2300.0     345.3    2350.0     345.2    2400.0     346.2
    2450.0     347.2    2500.0     348.2    2550.0     349.2    2600.0     350.0
    2650.0     350.0    2700.0     350.0    2750.0     350.2    2800.0     350.5
    2850.0     349.4    2900.0     347.9    2950.0     346.5    3000.0     345.2
    3050.0     345.0    3100.0     346.9    3150.0     355.4    3200.0     356.9
    3250.0     358.4    3300.0     360.6    3350.0     372.6    3400.0     375.0
    3450.0     375.3    3500.0     376.1    3550.0     376.9    3600.0     377.7
    3650.0     378.5    3700.0     379.5    3750.0     384.7    3800.0     392.6
    3850.0     403.8    3900.0     395.0    3950.0     391.1    4000.0     390.0
    4050.0     390.9    4100.0     393.6    4150.0     396.1    4200.0     399.1
    4250.0     404.7    4300.0     418.1    4350.0     452.8 /
20270   50    1   RM= 13.50, SNAKE River
    1   97
       0.0     487.7      50.0     468.4     100.0     453.5     150.0     434.8
     200.0     412.3     250.0     389.0     300.0     367.2     350.0     350.4
     400.0     350.1     450.0     350.1     500.0     350.1     550.0     350.1
     600.0     350.0     650.0     350.0     700.0     350.0     750.0     350.0
     800.0     353.5     850.0     357.8     900.0     361.3     950.0     364.5
    1000.0     368.8    1050.0     373.1    1100.0     379.8    1150.0     383.5
    1200.0     385.6    1250.0     384.5    1300.0     382.1    1350.0     374.0
    1400.0     360.7    1450.0     360.0    1500.0     360.3    1550.0     364.8
    1600.0     365.0    1650.0     365.0    1700.0     363.6    1750.0     355.5
    1800.0     351.1    1850.0     349.4    1900.0     348.1    1950.0     347.7
    2000.0     348.3    2050.0     348.9    2100.0     349.5    2150.0     350.9
    2200.0     352.4    2250.0     354.5    2300.0     360.2    2350.0     362.9
    2400.0     365.2    2450.0     367.0    2500.0     368.1    2550.0     368.3
    2600.0     367.8    2650.0     367.2    2700.0     366.4    2750.0     364.8
    2800.0     359.5    2850.0     355.5    2900.0     352.4    2950.0     347.4
    3000.0     341.4    3050.0     344.1    3100.0     343.0    3150.0     340.1
    3200.0     338.2    3250.0     340.9    3300.0     342.4    3350.0     344.2
    3400.0     349.1    3450.0     357.9    3500.0     362.6    3550.0     364.8
    3600.0     366.1    3650.0     367.3    3700.0     368.5    3750.0     369.8
    3800.0     373.2    3850.0     383.0    3900.0     394.7    3950.0     396.7
    4000.0     387.8    4050.0     385.0    4100.0     385.0    4150.0     385.0
    4200.0     385.0    4250.0     385.0    4300.0     386.2    4350.0     390.2
    4400.0     394.9    4450.0     399.8    4500.0     408.4    4550.0     419.5
    4600.0     431.7    4650.0     445.9    4700.0     459.7    4750.0     479.9
    4800.0     500.1 /
20280   50    1   RM= 14.00, SNAKE River
    1   72
     650.0     519.1     700.0     488.1     750.0     465.3     800.0     453.1
     850.0     436.1     900.0     421.1     950.0     416.3    1000.0     413.7
    1050.0     411.0    1100.0     405.4    1150.0     398.0    1200.0     388.1
    1250.0     371.7    1300.0     356.7    1350.0     353.2    1400.0     353.0
    1450.0     352.3    1500.0     351.5    1550.0     350.6    1600.0     349.6
    1650.0     351.1    1700.0     352.0    1750.0     351.3    1800.0     350.6
    1850.0     350.8    1900.0     351.6    1950.0     352.4    2000.0     351.2
    2050.0     351.2    2100.0     350.8    2150.0     349.5    2200.0     346.9
    2250.0     341.7    2300.0     342.9    2350.0     345.3    2400.0     344.8
    2450.0     344.0    2500.0     343.3    2550.0     343.0    2600.0     343.0
    2650.0     343.1    2700.0     343.5    2750.0     343.8    2800.0     344.8
    2850.0     347.9    2900.0     351.0    2950.0     350.7    3000.0     351.2
    3050.0     353.0    3100.0     353.6    3150.0     352.4    3200.0     352.6
    3250.0     351.7    3300.0     353.8    3350.0     357.8    3400.0     369.0
    3450.0     375.0    3500.0     375.0    3550.0     375.0    3600.0     375.0
    3650.0     374.0    3700.0     371.0    3750.0     370.0    3800.0     370.2
    3850.0     376.4    3900.0     390.1    3950.0     410.6    4000.0     421.1
    4050.0     428.0    4100.0     440.2    4150.0     456.8    4200.0     486.0 /
20290   50    1   RM= 14.50, SNAKE River
    1   69
     550.0     523.6     600.0     518.5     650.0     513.0     700.0     507.6
     750.0     502.1     800.0     496.7     850.0     491.5     900.0     485.4
     950.0     478.6    1000.0     471.9    1050.0     465.2    1100.0     458.5
    1150.0     451.9    1200.0     450.0    1250.0     450.0    1300.0     450.0
    1350.0     450.0    1400.0     450.0    1450.0     447.6    1500.0     442.4
    1550.0     437.7    1600.0     433.7    1650.0     430.6    1700.0     426.9
    1750.0     421.0    1800.0     411.9    1850.0     400.1    1900.0     390.6
    1950.0     375.5    2000.0     359.0    2050.0     354.4    2100.0     353.4
    2150.0     352.3    2200.0     351.0    2250.0     346.7    2300.0     343.8
    2350.0     342.8    2400.0     341.4    2450.0     339.8    2500.0     338.9
    2550.0     338.9    2600.0     340.0    2650.0     341.6    2700.0     342.8
    2750.0     345.2    2800.0     347.7    2850.0     349.4    2900.0     350.8
    2950.0     352.0    3000.0     354.4    3050.0     357.7    3100.0     359.9
    3150.0     360.0    3200.0     360.0    3250.0     360.5    3300.0     362.5
    3350.0     364.8    3400.0     370.0    3450.0     372.1    3500.0     375.7
    3550.0     376.5    3600.0     377.4    3650.0     378.2    3700.0     379.0
    3750.0     380.8    3800.0     397.6    3850.0     428.4    3900.0     448.7
    3950.0     495.8 /
20300   50    1   RM= 15.00, SNAKE River
    1   38
    1750.0     513.9    1800.0     483.9    1850.0     466.7    1900.0     451.9
    1950.0     445.1    2000.0     415.6    2050.0     385.3    2100.0     358.6
    2150.0     353.6    2200.0     352.5    2250.0     351.9    2300.0     350.9
    2350.0     347.2    2400.0     346.7    2450.0     347.3    2500.0     348.0
    2550.0     347.7    2600.0     348.8    2650.0     350.1    2700.0     350.8
    2750.0     351.6    2800.0     351.5    2850.0     351.4    2900.0     352.4
    2950.0     353.6    3000.0     352.6    3050.0     352.3    3100.0     353.4
    3150.0     354.9    3200.0     356.0    3250.0     357.1    3300.0     358.2
    3350.0     359.3    3400.0     363.7    3450.0     374.2    3500.0     398.7
    3550.0     428.7    3600.0     486.4 /
20310   50    1   RM= 15.50, SNAKE River
    1   28
    2050.0     474.4    2100.0     440.7    2150.0     430.6    2200.0     421.4
    2250.0     413.9    2300.0     403.3    2350.0     387.2    2400.0     371.4
    2450.0     356.3    2500.0     350.0    2550.0     346.4    2600.0     342.5
    2650.0     338.2    2700.0     335.3    2750.0     332.2    2800.0     330.5
    2850.0     331.6    2900.0     337.2    2950.0     341.8    3000.0     344.2
    3050.0     347.4    3100.0     350.9    3150.0     352.2    3200.0     354.1
    3250.0     373.0    3300.0     402.5    3350.0     445.7    3400.0     479.0 /
20320   50    1   RM= 16.00, SNAKE River
    1   34
    1700.0     505.6    1750.0     465.7    1800.0     447.6    1850.0     443.8
    1900.0     440.3    1950.0     429.5    2000.0     421.8    2050.0     415.9
    2100.0     406.9    2150.0     398.3    2200.0     392.4    2250.0     383.4
    2300.0     365.9    2350.0     358.1    2400.0     354.4    2450.0     351.9
    2500.0     347.9    2550.0     341.7    2600.0     343.8    2650.0     343.2
    2700.0     347.7    2750.0     346.6    2800.0     345.5    2850.0     349.3
    2900.0     349.0    2950.0     347.4    3000.0     350.2    3050.0     355.3
    3100.0     355.7    3150.0     357.5    3200.0     359.2    3250.0     364.8
    3300.0     378.8    3350.0     412.4 /
20330   50    1   RM= 16.50, SNAKE River
    1   65
     900.0     509.8     950.0     460.0    1000.0     446.7    1050.0     443.8
    1100.0     441.5    1150.0     439.7    1200.0     439.0    1250.0     438.3
    1300.0     437.6    1350.0     436.9    1400.0     436.1    1450.0     435.2
    1500.0     429.6    1550.0     424.8    1600.0     420.1    1650.0     416.1
    1700.0     414.0    1750.0     412.6    1800.0     411.2    1850.0     409.6
    1900.0     407.4    1950.0     405.2    2000.0     402.3    2050.0     399.3
    2100.0     395.8    2150.0     392.7    2200.0     389.6    2250.0     386.6
    2300.0     382.8    2350.0     378.8    2400.0     375.3    2450.0     372.6
    2500.0     369.7    2550.0     366.7    2600.0     363.0    2650.0     359.9
    2700.0     358.1    2750.0     356.3    2800.0     355.5    2850.0     355.6
    2900.0     355.4    2950.0     357.4    3000.0     357.5    3050.0     357.3
    3100.0     353.1    3150.0     354.7    3200.0     357.0    3250.0     356.7
    3300.0     355.5    3350.0     354.7    3400.0     356.7    3450.0     358.8
    3500.0     360.0    3550.0     360.0    3600.0     360.0    3650.0     360.0
    3700.0     360.0    3750.0     360.0    3800.0     360.0    3850.0     361.0
    3900.0     367.8    3950.0     380.9    4000.0     401.4    4050.0     427.3
    4100.0     471.2 /
20340   50    1   RM= 17.00, SNAKE River
    1   68
     800.0     505.7     850.0     496.6     900.0     491.6     950.0     486.3
    1000.0     479.0    1050.0     469.7    1100.0     458.5    1150.0     437.9
    1200.0     435.2    1250.0     432.1    1300.0     428.2    1350.0     423.5
    1400.0     418.9    1450.0     414.4    1500.0     409.9    1550.0     405.4
    1600.0     404.4    1650.0     403.8    1700.0     403.1    1750.0     402.5
    1800.0     402.0    1850.0     401.5    1900.0     401.0    1950.0     400.5
    2000.0     399.8    2050.0     393.0    2100.0     380.9    2150.0     372.1
    2200.0     365.4    2250.0     363.9    2300.0     362.9    2350.0     362.0
    2400.0     361.0    2450.0     360.1    2500.0     360.7    2550.0     361.6
    2600.0     362.2    2650.0     362.7    2700.0     362.4    2750.0     360.8
    2800.0     361.1    2850.0     361.0    2900.0     360.4    2950.0     360.2
    3000.0     360.8    3050.0     361.1    3100.0     361.3    3150.0     361.3
    3200.0     361.0    3250.0     360.6    3300.0     360.3    3350.0     360.0
    3400.0     360.1    3450.0     361.2    3500.0     362.5    3550.0     363.8
    3600.0     365.4    3650.0     370.6    3700.0     373.6    3750.0     376.7
    3800.0     379.9    3850.0     385.8    3900.0     390.6    3950.0     400.4
    4000.0     421.8    4050.0     437.5    4100.0     467.3    4150.0     502.3 /
20350   50    1   RM= 17.50, SNAKE River
    1   48
    1600.0     523.2    1650.0     511.3    1700.0     497.1    1750.0     482.9
    1800.0     468.6    1850.0     457.4    1900.0     448.0    1950.0     442.6
    2000.0     431.2    2050.0     398.3    2100.0     373.1    2150.0     368.9
    2200.0     367.7    2250.0     366.6    2300.0     365.5    2350.0     364.9
    2400.0     363.6    2450.0     362.4    2500.0     363.0    2550.0     364.7
    2600.0     365.0    2650.0     365.3    2700.0     365.6    2750.0     364.4
    2800.0     362.2    2850.0     359.8    2900.0     359.3    2950.0     358.0
    3000.0     357.3    3050.0     358.2    3100.0     358.9    3150.0     359.0
    3200.0     361.6    3250.0     364.0    3300.0     365.8    3350.0     368.4
    3400.0     370.9    3450.0     373.4    3500.0     375.0    3550.0     375.0
    3600.0     377.3    3650.0     394.0    3700.0     416.4    3750.0     424.7
    3800.0     437.2    3850.0     447.8    3900.0     486.3    3950.0     513.7 /
20360   50    1   RM= 18.00, SNAKE River
    1   71
     900.0     478.6     950.0     457.3    1000.0     435.6    1050.0     421.2
    1100.0     396.2    1150.0     376.6    1200.0     370.0    1250.0     370.0
    1300.0     375.2    1350.0     381.9    1400.0     384.9    1450.0     385.2
    1500.0     385.1    1550.0     385.0    1600.0     385.0    1650.0     385.0
    1700.0     385.0    1750.0     385.0    1800.0     385.0    1850.0     385.0
    1900.0     385.0    1950.0     385.0    2000.0     385.0    2050.0     385.0
    2100.0     385.0    2150.0     383.6    2200.0     381.1    2250.0     374.1
    2300.0     369.3    2350.0     365.4    2400.0     357.7    2450.0     355.2
    2500.0     355.3    2550.0     357.4    2600.0     360.9    2650.0     363.9
    2700.0     366.9    2750.0     369.2    2800.0     370.0    2850.0     370.3
    2900.0     371.7    2950.0     373.9    3000.0     375.0    3050.0     375.0
    3100.0     375.0    3150.0     371.9    3200.0     370.8    3250.0     377.2
    3300.0     384.3    3350.0     380.7    3400.0     374.3    3450.0     370.1
    3500.0     369.1    3550.0     365.1    3600.0     364.2    3650.0     363.5
    3700.0     362.7    3750.0     364.3    3800.0     365.9    3850.0     367.5
    3900.0     371.5    3950.0     391.5    4000.0     411.3    4050.0     425.8
    4100.0     434.2    4150.0     442.2    4200.0     447.9    4250.0     455.7
    4300.0     470.7    4350.0     493.4    4400.0     513.5 /
20370   50    1   RM= 18.50, SNAKE River
    1   62
    1700.0     482.7    1750.0     474.3    1800.0     462.7    1850.0     440.7
    1900.0     418.8    1950.0     408.3    2000.0     407.7    2050.0     407.2
    2100.0     406.7    2150.0     406.5    2200.0     406.3    2250.0     406.1
    2300.0     405.9    2350.0     405.7    2400.0     405.5    2450.0     405.3
    2500.0     405.1    2550.0     404.2    2600.0     401.9    2650.0     400.1
    2700.0     400.0    2750.0     400.0    2800.0     393.6    2850.0     381.0
    2900.0     370.2    2950.0     364.0    3000.0     359.4    3050.0     359.2
    3100.0     359.8    3150.0     361.9    3200.0     363.5    3250.0     363.6
    3300.0     361.6    3350.0     358.4    3400.0     356.7    3450.0     358.9
    3500.0     362.6    3550.0     366.1    3600.0     370.0    3650.0     370.0
    3700.0     370.0    3750.0     370.0    3800.0     370.0    3850.0     370.0
    3900.0     370.0    3950.0     369.2    4000.0     368.9    4050.0     369.1
    4100.0     369.8    4150.0     373.4    4200.0     378.7    4250.0     388.2
    4300.0     404.0    4350.0     417.8    4400.0     428.3    4450.0     435.9
    4500.0     443.5    4550.0     449.3    4600.0     460.2    4650.0     481.5
    4700.0     500.5    4750.0     518.0 /
20380   50    1   RM= 19.00, SNAKE River
    1   54
    1850.0     506.7    1900.0     470.1    1950.0     433.7    2000.0     407.6
    2050.0     402.6    2100.0     400.2    2150.0     397.7    2200.0     395.4
    2250.0     394.1    2300.0     393.0    2350.0     392.0    2400.0     390.9
    2450.0     390.1    2500.0     389.5    2550.0     388.7    2600.0     387.8
    2650.0     386.8    2700.0     385.8    2750.0     382.7    2800.0     394.7
    2850.0     375.4    2900.0     368.5    2950.0     367.1    3000.0     365.9
    3050.0     365.5    3100.0     363.4    3150.0     362.8    3200.0     362.7
    3250.0     362.2    3300.0     360.9    3350.0     359.8    3400.0     359.8
    3450.0     360.9    3500.0     361.4    3550.0     361.3    3600.0     361.2
    3650.0     361.8    3700.0     361.2    3750.0     361.2    3800.0     364.3
    3850.0     367.9    3900.0     372.2    3950.0     385.1    4000.0     405.3
    4050.0     410.4    4100.0     417.6    4150.0     417.5    4200.0     420.3
    4250.0     427.2    4300.0     434.5    4350.0     441.4    4400.0     448.2
    4450.0     450.1    4500.0     469.4 /
20390   50    1   RM= 19.50, SNAKE River
    1   28
    2000.0     489.8    2050.0     456.1    2100.0     444.0    2150.0     438.2
    2200.0     420.1    2250.0     381.6    2300.0     363.9    2350.0     356.9
    2400.0     350.7    2450.0     357.6    2500.0     362.0    2550.0     366.3
    2600.0     366.5    2650.0     355.1    2700.0     349.7    2750.0     343.9
    2800.0     351.0    2850.0     356.7    2900.0     364.2    2950.0     369.8
    3000.0     372.2    3050.0     378.5    3100.0     392.7    3150.0     407.3
    3200.0     414.5    3250.0     430.8    3300.0     448.5    3350.0     488.6 /
20400   50    1   RM= 20.00, SNAKE River
    1   18
    2200.0     507.0    2250.0     482.0    2300.0     456.6    2350.0     415.1
    2400.0     376.7    2450.0     353.4    2500.0     338.9    2550.0     318.5
    2600.0     319.9    2650.0     320.8    2700.0     330.2    2750.0     344.0
    2800.0     362.4    2850.0     390.9    2900.0     410.5    2950.0     428.3
    3000.0     445.8    3050.0     483.9 /
20410   50    1   RM= 20.50, SNAKE River
    1   19
    2150.0     493.5    2200.0     461.8    2250.0     423.4    2300.0     386.9
    2350.0     368.9    2400.0     365.3    2450.0     363.6    2500.0     357.0
    2550.0     356.3    2600.0     337.4    2650.0     307.5    2700.0     318.5
    2750.0     338.6    2800.0     363.1    2850.0     373.8    2900.0     380.1
    2950.0     402.6    3000.0     446.9    3050.0     504.7 /
20420   50    1   RM= 21.00, SNAKE River
    1   24
    2050.0     507.2    2100.0     475.8    2150.0     448.6    2200.0     417.0
    2250.0     390.2    2300.0     374.4    2350.0     367.4    2400.0     364.0
    2450.0     361.4    2500.0     358.2    2550.0     355.5    2600.0     354.1
    2650.0     352.0    2700.0     350.6    2750.0     350.2    2800.0     352.1
    2850.0     356.5    2900.0     361.7    2950.0     365.5    3000.0     372.5
    3050.0     390.4    3100.0     410.8    3150.0     415.8    3200.0     469.4 /
20430   50    1   RM= 21.50, SNAKE River
    1  100
     550.0     503.8     600.0     467.2     650.0     435.0     700.0     411.9
     750.0     390.1     800.0     381.3     850.0     384.2     900.0     390.6
     950.0     392.1    1000.0     393.3    1050.0     394.3    1100.0     394.9
    1150.0     395.2    1200.0     395.4    1250.0     395.3    1300.0     395.0
    1350.0     395.0    1400.0     395.0    1450.0     387.0    1500.0     371.4
    1550.0     369.8    1600.0     368.8    1650.0     366.8    1700.0     367.0
    1750.0     367.6    1800.0     369.2    1850.0     371.4    1900.0     372.6
    1950.0     373.3    2000.0     374.0    2050.0     374.8    2100.0     375.5
    2150.0     376.1    2200.0     376.8    2250.0     377.4    2300.0     378.1
    2350.0     378.7    2400.0     379.3    2450.0     380.0    2500.0     380.9
    2550.0     381.9    2600.0     382.9    2650.0     383.9    2700.0     385.0
    2750.0     385.0    2800.0     385.0    2850.0     385.0    2900.0     385.0
    2950.0     385.0    3000.0     385.0    3050.0     385.0    3100.0     385.0
    3150.0     385.0    3200.0     385.0    3250.0     385.0    3300.0     384.9
    3350.0     383.4    3400.0     381.7    3450.0     380.0    3500.0     377.6
    3550.0     375.1    3600.0     373.1    3650.0     371.3    3700.0     370.6
    3750.0     370.2    3800.0     370.1    3850.0     372.0    3900.0     374.7
    3950.0     376.5    4000.0     376.7    4050.0     376.9    4100.0     376.5
    4150.0     375.2    4200.0     375.0    4250.0     375.0    4300.0     377.2
    4350.0     384.2    4400.0     388.2    4450.0     391.4    4500.0     393.2
    4550.0     395.0    4600.0     396.0    4650.0     396.9    4700.0     397.8
    4750.0     398.7    4800.0     399.6    4850.0     401.9    4900.0     394.4
    4950.0     390.0    5000.0     390.0    5050.0     390.0    5100.0     389.6
    5150.0     386.4    5200.0     385.6    5250.0     391.8    5300.0     403.4
    5350.0     418.0    5400.0     432.2    5450.0     445.5    5500.0     485.2 /
20440   50    1   RM= 22.00, SNAKE River
    1   97
     600.0     520.1     650.0     493.6     700.0     462.6     750.0     442.3
     800.0     431.7     850.0     420.5     900.0     408.3     950.0     397.2
    1000.0     387.1    1050.0     391.6    1100.0     400.0    1150.0     400.0
    1200.0     400.0    1250.0     400.0    1300.0     400.0    1350.0     400.0
    1400.0     400.0    1450.0     400.0    1500.0     400.0    1550.0     391.1
    1600.0     385.8    1650.0     385.1    1700.0     389.4    1750.0     395.0
    1800.0     395.0    1850.0     395.0    1900.0     395.0    1950.0     395.0
    2000.0     395.0    2050.0     395.0    2100.0     394.4    2150.0     390.0
    2200.0     390.0    2250.0     390.9    2300.0     393.5    2350.0     395.0
    2400.0     395.0    2450.0     395.0    2500.0     395.0    2550.0     395.0
    2600.0     395.0    2650.0     395.0    2700.0     395.0    2750.0     386.0
    2800.0     380.8    2850.0     374.3    2900.0     370.5    2950.0     368.1
    3000.0     365.3    3050.0     365.9    3100.0     366.8    3150.0     367.7
    3200.0     368.2    3250.0     368.8    3300.0     369.7    3350.0     370.7
    3400.0     371.6    3450.0     372.7    3500.0     373.8    3550.0     375.6
    3600.0     377.0    3650.0     378.4    3700.0     379.8    3750.0     381.9
    3800.0     384.0    3850.0     385.8    3900.0     387.4    3950.0     389.4
    4000.0     388.7    4050.0     386.9    4100.0     386.1    4150.0     384.4
    4200.0     376.5    4250.0     378.7    4300.0     387.2    4350.0     392.5
    4400.0     395.5    4450.0     398.2    4500.0     401.5    4550.0     404.0
    4600.0     400.6    4650.0     391.7    4700.0     390.2    4750.0     391.4
    4800.0     393.6    4850.0     395.0    4900.0     395.0    4950.0     395.0
    5000.0     394.8    5050.0     394.7    5100.0     394.6    5150.0     395.8
    5200.0     409.5    5250.0     431.2    5300.0     452.2    5350.0     484.3
    5400.0     513.7 /
20450   50    1   RM= 22.50, SNAKE River
    1   53
    1200.0     495.4    1250.0     456.5    1300.0     445.7    1350.0     441.3
    1400.0     437.5    1450.0     433.5    1500.0     429.4    1550.0     425.7
    1600.0     422.2    1650.0     418.9    1700.0     416.6    1750.0     414.5
    1800.0     411.9    1850.0     408.9    1900.0     405.0    1950.0     398.9
    2000.0     388.0    2050.0     385.0    2100.0     389.4    2150.0     390.0
    2200.0     390.0    2250.0     390.0    2300.0     390.0    2350.0     390.0
    2400.0     390.0    2450.0     389.8    2500.0     388.5    2550.0     386.9
    2600.0     384.9    2650.0     380.7    2700.0     375.9    2750.0     373.6
    2800.0     372.0    2850.0     370.2    2900.0     368.9    2950.0     368.1
    3000.0     367.3    3050.0     366.4    3100.0     365.6    3150.0     365.5
    3200.0     365.9    3250.0     366.8    3300.0     367.7    3350.0     368.3
    3400.0     368.8    3450.0     369.2    3500.0     371.6    3550.0     374.6
    3600.0     388.9    3650.0     415.1    3700.0     449.8    3750.0     480.4
    3800.0     512.2 /
20460   50    1   RM= 23.00, SNAKE River
    1   42
    1650.0     464.4    1700.0     447.4    1750.0     443.8    1800.0     440.8
    1850.0     436.9    1900.0     432.3    1950.0     428.0    2000.0     424.5
    2050.0     422.4    2100.0     420.2    2150.0     418.1    2200.0     415.8
    2250.0     412.5    2300.0     408.9    2350.0     406.2    2400.0     405.0
    2450.0     405.0    2500.0     404.3    2550.0     402.4    2600.0     398.0
    2650.0     389.2    2700.0     384.4    2750.0     380.7    2800.0     378.4
    2850.0     376.5    2900.0     374.4    2950.0     370.3    3000.0     364.0
    3050.0     363.2    3100.0     364.1    3150.0     366.2    3200.0     369.0
    3250.0     371.1    3300.0     371.1    3350.0     370.5    3400.0     371.9
    3450.0     371.8    3500.0     374.0    3550.0     376.9    3600.0     401.9
    3650.0     431.5    3700.0     472.2 /
20470   50    1   RM= 23.50, SNAKE River
    1   58
    1350.0     514.2    1400.0     455.5    1450.0     445.8    1500.0     442.2
    1550.0     438.9    1600.0     436.2    1650.0     433.4    1700.0     430.6
    1750.0     426.3    1800.0     421.7    1850.0     418.0    1900.0     414.7
    1950.0     411.6    2000.0     408.2    2050.0     400.3    2100.0     381.4
    2150.0     376.6    2200.0     376.2    2250.0     377.0    2300.0     376.6
    2350.0     376.5    2400.0     376.9    2450.0     377.1    2500.0     378.2
    2550.0     381.0    2600.0     385.4    2650.0     390.1    2700.0     394.5
    2750.0     394.7    2800.0     392.9    2850.0     391.0    2900.0     389.0
    2950.0     386.8    3000.0     384.9    3050.0     384.2    3100.0     383.6
    3150.0     383.0    3200.0     382.4    3250.0     381.8    3300.0     381.2
    3350.0     380.5    3400.0     379.6    3450.0     377.6    3500.0     375.6
    3550.0     374.3    3600.0     374.3    3650.0     375.0    3700.0     374.9
    3750.0     373.8    3800.0     374.6    3850.0     375.8    3900.0     376.9
    3950.0     380.1    4000.0     400.4    4050.0     422.9    4100.0     458.3
    4150.0     478.6    4200.0     507.5 /
20480   50    1   RM= 24.00, SNAKE River
    1   67
    1100.0     507.4    1150.0     475.6    1200.0     465.0    1250.0     458.2
    1300.0     450.0    1350.0     449.9    1400.0     449.5    1450.0     449.1
    1500.0     448.5    1550.0     447.6    1600.0     445.6    1650.0     403.7
    1700.0     379.7    1750.0     376.7    1800.0     382.4    1850.0     382.2
    1900.0     381.0    1950.0     380.2    2000.0     379.2    2050.0     378.2
    2100.0     377.8    2150.0     377.1    2200.0     376.4    2250.0     376.2
    2300.0     375.9    2350.0     375.8    2400.0     375.8    2450.0     375.6
    2500.0     375.7    2550.0     376.0    2600.0     376.1    2650.0     376.4
    2700.0     376.7    2750.0     377.5    2800.0     377.9    2850.0     378.7
    2900.0     380.0    2950.0     380.8    3000.0     384.5    3050.0     394.7
    3100.0     407.2    3150.0     411.9    3200.0     414.1    3250.0     416.3
    3300.0     418.5    3350.0     419.9    3400.0     420.0    3450.0     420.0
    3500.0     420.0    3550.0     420.0    3600.0     420.0    3650.0     420.0
    3700.0     420.0    3750.0     420.7    3800.0     421.9    3850.0     423.2
    3900.0     424.5    3950.0     426.1    4000.0     427.7    4050.0     429.4
    4100.0     430.9    4150.0     432.1    4200.0     433.3    4250.0     434.7
    4300.0     448.3    4350.0     479.8    4400.0     514.0 /
20490   50    1   RM= 24.50, SNAKE River
    1   44
    1900.0     516.6    1950.0     506.1    2000.0     494.3    2050.0     460.3
    2100.0     416.8    2150.0     376.9    2200.0     357.0    2250.0     351.3
    2300.0     354.5    2350.0     362.1    2400.0     366.7    2450.0     370.0
    2500.0     371.2    2550.0     372.5    2600.0     374.6    2650.0     376.5
    2700.0     378.1    2750.0     380.2    2800.0     382.8    2850.0     385.8
    2900.0     390.3    2950.0     393.4    3000.0     397.2    3050.0     401.9
    3100.0     406.1    3150.0     410.6    3200.0     421.0    3250.0     428.5
    3300.0     434.1    3350.0     431.0    3400.0     438.4    3450.0     444.2
    3500.0     447.5    3550.0     449.0    3600.0     450.5    3650.0     454.7
    3700.0     455.5    3750.0     454.9    3800.0     449.6    3850.0     434.5
    3900.0     416.1    3950.0     424.4    4000.0     440.1    4050.0     503.6 /
20500   50    1   RM= 25.00, SNAKE River
    1   36
    1750.0     508.8    1800.0     483.8    1850.0     451.8    1900.0     420.5
    1950.0     392.1    2000.0     383.1    2050.0     378.0    2100.0     374.5
    2150.0     372.9    2200.0     372.1    2250.0     372.2    2300.0     370.3
    2350.0     369.3    2400.0     368.8    2450.0     368.6    2500.0     369.6
    2550.0     369.4    2600.0     368.8    2650.0     369.5    2700.0     370.4
    2750.0     371.6    2800.0     372.8    2850.0     374.6    2900.0     375.9
    2950.0     375.8    3000.0     375.6    3050.0     375.2    3100.0     376.8
    3150.0     377.7    3200.0     378.3    3250.0     380.1    3300.0     385.4
    3350.0     406.5    3400.0     428.5    3450.0     457.1    3500.0     513.5 /
20510   50    1   RM= 25.50, SNAKE River
    1   53
    1250.0     508.8    1300.0     491.5    1350.0     469.2    1400.0     451.4
    1450.0     438.1    1500.0     427.6    1550.0     424.3    1600.0     423.3
    1650.0     422.2    1700.0     421.2    1750.0     420.1    1800.0     419.0
    1850.0     417.8    1900.0     416.7    1950.0     415.6    2000.0     415.0
    2050.0     415.0    2100.0     415.0    2150.0     415.0    2200.0     412.7
    2250.0     404.3    2300.0     400.1    2350.0     400.0    2400.0     400.0
    2450.0     400.0    2500.0     400.0    2550.0     400.0    2600.0     399.4
    2650.0     398.0    2700.0     396.6    2750.0     394.9    2800.0     391.0
    2850.0     387.0    2900.0     382.8    2950.0     380.0    3000.0     377.7
    3050.0     375.4    3100.0     372.9    3150.0     371.5    3200.0     370.5
    3250.0     369.5    3300.0     368.5    3350.0     368.0    3400.0     370.2
    3450.0     374.1    3500.0     376.5    3550.0     378.6    3600.0     380.8
    3650.0     383.3    3700.0     392.5    3750.0     415.6    3800.0     438.6
    3850.0     474.3 /
20520   50    1   RM= 26.00, SNAKE River
    1   56
    1250.0     508.4    1300.0     489.0    1350.0     469.3    1400.0     457.0
    1450.0     448.4    1500.0     444.1    1550.0     439.9    1600.0     435.8
    1650.0     430.6    1700.0     424.2    1750.0     420.0    1800.0     419.2
    1850.0     418.5    1900.0     417.9    1950.0     417.1    2000.0     416.4
    2050.0     415.6    2100.0     414.5    2150.0     412.3    2200.0     410.0
    2250.0     408.2    2300.0     406.3    2350.0     404.6    2400.0     403.0
    2450.0     401.4    2500.0     399.7    2550.0     397.7    2600.0     395.5
    2650.0     392.6    2700.0     389.9    2750.0     388.5    2800.0     387.1
    2850.0     385.8    2900.0     384.7    2950.0     384.0    3000.0     383.3
    3050.0     382.8    3100.0     382.7    3150.0     382.3    3200.0     381.7
    3250.0     381.2    3300.0     380.9    3350.0     380.7    3400.0     380.4
    3450.0     380.5    3500.0     380.5    3550.0     380.9    3600.0     381.4
    3650.0     381.0    3700.0     379.9    3750.0     378.5    3800.0     377.7
    3850.0     384.4    3900.0     418.4    3950.0     473.4    4000.0     490.6 /
20530   50    1   RM= 26.50, SNAKE River
    1   54
    1550.0     519.2    1600.0     505.9    1650.0     521.4    1700.0     489.7
    1750.0     453.5    1800.0     427.0    1850.0     406.6    1900.0     395.1
    1950.0     386.0    2000.0     380.9    2050.0     375.0    2100.0     372.3
    2150.0     371.9    2200.0     372.3    2250.0     372.6    2300.0     373.1
    2350.0     373.3    2400.0     373.8    2450.0     374.3    2500.0     374.9
    2550.0     375.6    2600.0     377.0    2650.0     379.6    2700.0     382.3
    2750.0     385.0    2800.0     387.5    2850.0     390.1    2900.0     395.7
    2950.0     401.0    3000.0     405.5    3050.0     410.6    3100.0     413.4
    3150.0     415.0    3200.0     415.0    3250.0     415.0    3300.0     415.0
    3350.0     415.0    3400.0     415.0    3450.0     415.0    3500.0     415.0
    3550.0     415.2    3600.0     417.3    3650.0     405.3    3700.0     409.9
    3750.0     410.9    3800.0     411.7    3850.0     412.4    3900.0     413.1
    3950.0     413.9    4000.0     414.6    4050.0     417.7    4100.0     433.7
    4150.0     460.2    4200.0     487.5 /
20540   50    1   RM= 27.00, SNAKE River
    1   62
     950.0     507.6    1000.0     487.5    1050.0     458.0    1100.0     428.1
    1150.0     397.9    1200.0     387.3    1250.0     384.8    1300.0     383.7
    1350.0     382.4    1400.0     380.7    1450.0     379.0    1500.0     378.5
    1550.0     377.7    1600.0     377.9    1650.0     378.7    1700.0     379.3
    1750.0     378.8    1800.0     378.0    1850.0     378.3    1900.0     381.5
    1950.0     385.2    2000.0     386.1    2050.0     387.5    2100.0     389.6
    2150.0     392.7    2200.0     397.3    2250.0     403.1    2300.0     406.6
    2350.0     409.2    2400.0     412.1    2450.0     414.7    2500.0     415.0
    2550.0     415.0    2600.0     414.6    2650.0     412.9    2700.0     410.9
    2750.0     409.5    2800.0     408.6    2850.0     407.7    2900.0     406.8
    2950.0     405.9    3000.0     405.0    3050.0     405.0    3100.0     406.9
    3150.0     409.1    3200.0     408.8    3250.0     408.9    3300.0     409.8
    3350.0     410.0    3400.0     410.0    3450.0     411.3    3500.0     413.1
    3550.0     414.9    3600.0     415.5    3650.0     416.3    3700.0     417.1
    3750.0     417.8    3800.0     418.6    3850.0     419.3    3900.0     420.0
    3950.0     439.5    4000.0     493.3 /
20550   50    1   RM= 27.50, SNAKE River
    1   67
     850.0     514.5     900.0     490.4     950.0     460.3    1000.0     434.6
    1050.0     404.8    1100.0     393.1    1150.0     390.1    1200.0     386.4
    1250.0     385.1    1300.0     384.6    1350.0     384.6    1400.0     383.7
    1450.0     382.3    1500.0     381.5    1550.0     381.0    1600.0     380.9
    1650.0     380.9    1700.0     381.4    1750.0     382.7    1800.0     384.5
    1850.0     385.5    1900.0     386.2    1950.0     387.1    2000.0     388.0
    2050.0     389.9    2100.0     391.1    2150.0     392.1    2200.0     393.1
    2250.0     394.1    2300.0     395.2    2350.0     397.9    2400.0     406.8
    2450.0     419.9    2500.0     420.0    2550.0     420.0    2600.0     420.0
    2650.0     419.4    2700.0     418.4    2750.0     417.8    2800.0     418.3
    2850.0     418.9    2900.0     419.5    2950.0     420.0    3000.0     420.0
    3050.0     420.0    3100.0     420.0    3150.0     419.8    3200.0     419.4
    3250.0     419.1    3300.0     418.8    3350.0     418.4    3400.0     418.1
    3450.0     417.8    3500.0     417.5    3550.0     417.2    3600.0     416.8
    3650.0     416.5    3700.0     416.2    3750.0     415.9    3800.0     415.6
    3850.0     415.2    3900.0     415.6    3950.0     417.4    4000.0     415.2
    4050.0     437.2    4100.0     471.4    4150.0     503.1 /
20560   50    1   RM= 28.00, SNAKE River
    1   52
    1550.0     523.3    1600.0     511.4    1650.0     494.2    1700.0     466.7
    1750.0     442.3    1800.0     414.6    1850.0     399.8    1900.0     396.6
    1950.0     394.9    2000.0     394.2    2050.0     393.6    2100.0     392.9
    2150.0     392.3    2200.0     391.6    2250.0     391.0    2300.0     390.4
    2350.0     389.7    2400.0     389.2    2450.0     388.8    2500.0     388.5
    2550.0     388.1    2600.0     387.1    2650.0     387.2    2700.0     387.4
    2750.0     387.8    2800.0     388.3    2850.0     389.0    2900.0     389.6
    2950.0     390.1    3000.0     390.3    3050.0     391.2    3100.0     391.1
    3150.0     389.6    3200.0     388.6    3250.0     388.6    3300.0     389.7
    3350.0     392.0    3400.0     397.9    3450.0     405.3    3500.0     410.1
    3550.0     412.7    3600.0     412.3    3650.0     411.1    3700.0     410.3
    3750.0     411.9    3800.0     414.6    3850.0     419.9    3900.0     421.5
    3950.0     440.5    4000.0     464.3    4050.0     489.1    4100.0     512.5 /
20570   50    1   RM= 28.50, SNAKE River
    1   60
    1200.0     522.7    1250.0     511.4    1300.0     500.5    1350.0     480.7
    1400.0     458.0    1450.0     439.6    1500.0     421.8    1550.0     406.0
    1600.0     400.7    1650.0     398.1    1700.0     396.1    1750.0     395.0
    1800.0     395.2    1850.0     398.0    1900.0     402.3    1950.0     407.1
    2000.0     411.0    2050.0     414.0    2100.0     416.5    2150.0     418.2
    2200.0     419.2    2250.0     419.8    2300.0     420.0    2350.0     420.0
    2400.0     420.0    2450.0     420.0    2500.0     420.0    2550.0     420.0
    2600.0     420.0    2650.0     420.0    2700.0     420.0    2750.0     420.0
    2800.0     420.0    2850.0     420.0    2900.0     420.0    2950.0     420.0
    3000.0     416.9    3050.0     405.7    3100.0     398.0    3150.0     395.0
    3200.0     393.4    3250.0     391.9    3300.0     390.2    3350.0     388.9
    3400.0     387.7    3450.0     387.1    3500.0     385.7    3550.0     384.4
    3600.0     383.0    3650.0     381.5    3700.0     379.9    3750.0     376.8
    3800.0     374.2    3850.0     372.6    3900.0     377.4    3950.0     384.4
    4000.0     391.6    4050.0     417.2    4100.0     442.2    4150.0     482.5 /
20580   50    1   RM= 29.00, SNAKE River
    1   77
     650.0     520.1     700.0     511.7     750.0     499.4     800.0     488.4
     850.0     474.6     900.0     469.6     950.0     470.5    1000.0     469.6
    1050.0     468.2    1100.0     466.5    1150.0     451.0    1200.0     418.2
    1250.0     403.2    1300.0     399.7    1350.0     396.1    1400.0     395.0
    1450.0     395.5    1500.0     400.1    1550.0     402.2    1600.0     403.7
    1650.0     404.8    1700.0     405.1    1750.0     405.0    1800.0     405.0
    1850.0     404.6    1900.0     403.1    1950.0     401.5    2000.0     399.5
    2050.0     395.5    2100.0     392.6    2150.0     391.2    2200.0     389.8
    2250.0     388.2    2300.0     387.6    2350.0     387.1    2400.0     387.9
    2450.0     388.7    2500.0     389.9    2550.0     390.6    2600.0     391.3
    2650.0     392.2    2700.0     393.0    2750.0     393.5    2800.0     394.1
    2850.0     394.6    2900.0     396.0    2950.0     399.0    3000.0     401.1
    3050.0     402.8    3100.0     404.4    3150.0     406.5    3200.0     408.9
    3250.0     415.7    3300.0     420.0    3350.0     420.0    3400.0     420.0
    3450.0     420.0    3500.0     420.0    3550.0     420.0    3600.0     420.0
    3650.0     420.0    3700.0     420.0    3750.0     420.0    3800.0     420.0
    3850.0     411.0    3900.0     400.0    3950.0     400.0    4000.0     400.0
    4050.0     400.0    4100.0     400.0    4150.0     405.5    4200.0     421.6
    4250.0     426.7    4300.0     433.1    4350.0     456.2    4400.0     481.2
    4450.0     503.2 /
20590   50    1   RM= 29.50, SNAKE River
    1   55
    2100.0     517.3    2150.0     506.8    2200.0     496.1    2250.0     482.6
    2300.0     440.6    2350.0     409.9    2400.0     390.4    2450.0     381.3
    2500.0     372.0    2550.0     371.8    2600.0     373.9    2650.0     377.6
    2700.0     381.0    2750.0     382.8    2800.0     384.6    2850.0     385.9
    2900.0     387.4    2950.0     388.8    3000.0     389.9    3050.0     391.0
    3100.0     392.0    3150.0     393.7    3200.0     399.4    3250.0     404.6
    3300.0     408.3    3350.0     414.0    3400.0     425.8    3450.0     435.0
    3500.0     431.9    3550.0     426.4    3600.0     425.0    3650.0     425.0
    3700.0     425.0    3750.0     425.0    3800.0     425.0    3850.0     425.0
    3900.0     425.0    3950.0     425.1    4000.0     427.4    4050.0     438.7
    4100.0     428.0    4150.0     420.1    4200.0     422.4    4250.0     425.6
    4300.0     427.6    4350.0     429.7    4400.0     430.6    4450.0     431.7
    4500.0     432.7    4550.0     433.5    4600.0     434.3    4650.0     441.8
    4700.0     464.8    4750.0     487.9    4800.0     510.6 /
20600   50    1   RM= 30.00, SNAKE River
    1   54
    1900.0     523.4    1950.0     503.8    2000.0     488.4    2050.0     453.1
    2100.0     423.6    2150.0     408.8    2200.0     405.9    2250.0     406.7
    2300.0     411.8    2350.0     414.8    2400.0     415.0    2450.0     412.5
    2500.0     405.9    2550.0     395.7    2600.0     393.0    2650.0     392.1
    2700.0     390.9    2750.0     389.8    2800.0     388.3    2850.0     385.9
    2900.0     385.3    2950.0     384.6    3000.0     384.7    3050.0     386.0
    3100.0     386.7    3150.0     387.6    3200.0     388.3    3250.0     388.3
    3300.0     388.7    3350.0     389.3    3400.0     391.5    3450.0     395.8
    3500.0     403.9    3550.0     410.7    3600.0     413.8    3650.0     420.9
    3700.0     426.9    3750.0     429.6    3800.0     431.9    3850.0     435.0
    3900.0     439.9    3950.0     448.4    4000.0     455.5    4050.0     461.2
    4100.0     467.6    4150.0     463.6    4200.0     460.6    4250.0     459.9
    4300.0     459.9    4350.0     463.3    4400.0     465.1    4450.0     469.7
    4500.0     479.1    4550.0     496.8 /
20610   50    1   RM= 30.50, SNAKE River
    1   53
    1500.0     518.5    1550.0     498.2    1600.0     473.4    1650.0     454.9
    1700.0     444.5    1750.0     439.2    1800.0     437.6    1850.0     436.1
    1900.0     427.1    1950.0     410.8    2000.0     408.9    2050.0     407.8
    2100.0     406.6    2150.0     405.5    2200.0     402.5    2250.0     399.0
    2300.0     396.6    2350.0     394.5    2400.0     393.5    2450.0     393.9
    2500.0     394.5    2550.0     395.1    2600.0     395.2    2650.0     395.1
    2700.0     395.1    2750.0     396.4    2800.0     398.4    2850.0     401.9
    2900.0     404.2    2950.0     409.3    3000.0     419.1    3050.0     420.0
    3100.0     420.0    3150.0     420.0    3200.0     419.0    3250.0     411.2
    3300.0     403.1    3350.0     397.7    3400.0     391.6    3450.0     386.8
    3500.0     383.2    3550.0     383.8    3600.0     384.4    3650.0     385.0
    3700.0     385.7    3750.0     386.8    3800.0     390.3    3850.0     394.7
    3900.0     397.6    3950.0     403.3    4000.0     429.7    4050.0     449.9
    4100.0     499.0 /
20620   50    1   RM= 31.00, SNAKE River
    1   62
    1000.0     516.7    1050.0     496.7    1100.0     474.8    1150.0     458.0
    1200.0     445.7    1250.0     441.3    1300.0     441.6    1350.0     442.1
    1400.0     441.9    1450.0     441.7    1500.0     441.4    1550.0     440.6
    1600.0     439.7    1650.0     440.0    1700.0     439.1    1750.0     421.5
    1800.0     405.1    1850.0     400.3    1900.0     397.8    1950.0     398.1
    2000.0     398.1    2050.0     398.0    2100.0     398.1    2150.0     398.7
    2200.0     399.4    2250.0     400.2    2300.0     402.7    2350.0     405.3
    2400.0     407.5    2450.0     409.6    2500.0     412.1    2550.0     414.6
    2600.0     416.6    2650.0     418.3    2700.0     419.8    2750.0     420.0
    2800.0     420.0    2850.0     420.0    2900.0     418.2    2950.0     415.2
    3000.0     412.5    3050.0     409.8    3100.0     407.3    3150.0     405.1
    3200.0     404.2    3250.0     403.5    3300.0     402.8    3350.0     402.0
    3400.0     401.3    3450.0     400.5    3500.0     398.7    3550.0     394.5
    3600.0     391.1    3650.0     385.8    3700.0     384.3    3750.0     387.0
    3800.0     390.4    3850.0     393.7    3900.0     402.2    3950.0     427.1
    4000.0     454.3    4050.0     502.5 /
20630   50    1   RM= 31.50, SNAKE River
    1   61
    1050.0     508.5    1100.0     499.8    1150.0     492.4    1200.0     487.2
    1250.0     483.2    1300.0     479.1    1350.0     474.3    1400.0     471.4
    1450.0     467.5    1500.0     462.2    1550.0     455.6    1600.0     450.3
    1650.0     445.3    1700.0     432.9    1750.0     426.0    1800.0     415.2
    1850.0     407.6    1900.0     402.7    1950.0     399.9    2000.0     398.1
    2050.0     396.4    2100.0     395.6    2150.0     393.3    2200.0     390.2
    2250.0     387.2    2300.0     386.7    2350.0     387.3    2400.0     388.3
    2450.0     389.5    2500.0     391.2    2550.0     391.6    2600.0     392.9
    2650.0     394.5    2700.0     396.8    2750.0     398.1    2800.0     399.4
    2850.0     400.5    2900.0     402.8    2950.0     406.5    3000.0     410.0
    3050.0     410.0    3100.0     410.0    3150.0     410.0    3200.0     411.0
    3250.0     418.9    3300.0     423.4    3350.0     418.3    3400.0     417.1
    3450.0     420.4    3500.0     418.9    3550.0     417.3    3600.0     415.8
    3650.0     406.1    3700.0     404.8    3750.0     404.5    3800.0     404.3
    3850.0     409.9    3900.0     422.0    3950.0     433.1    4000.0     464.2
    4050.0     505.5 /
20640   50    1   RM= 32.00, SNAKE River
    1   62
    1150.0     521.0    1200.0     511.5    1250.0     500.3    1300.0     481.5
    1350.0     465.6    1400.0     460.9    1450.0     457.1    1500.0     445.0
    1550.0     415.0    1600.0     401.8    1650.0     397.7    1700.0     395.1
    1750.0     392.6    1800.0     391.4    1850.0     391.2    1900.0     390.9
    1950.0     390.4    2000.0     390.2    2050.0     389.5    2100.0     389.6
    2150.0     390.9    2200.0     393.4    2250.0     396.8    2300.0     400.1
    2350.0     402.0    2400.0     403.8    2450.0     405.5    2500.0     407.3
    2550.0     409.1    2600.0     410.7    2650.0     411.9    2700.0     413.1
    2750.0     414.0    2800.0     414.1    2850.0     412.8    2900.0     411.6
    2950.0     412.7    3000.0     414.1    3050.0     417.5    3100.0     425.9
    3150.0     429.6    3200.0     430.3    3250.0     430.7    3300.0     431.3
    3350.0     431.7    3400.0     432.3    3450.0     432.9    3500.0     433.7
    3550.0     434.5    3600.0     435.0    3650.0     430.5    3700.0     423.9
    3750.0     421.0    3800.0     418.6    3850.0     416.3    3900.0     409.7
    3950.0     405.2    4000.0     405.5    4050.0     421.0    4100.0     444.0
    4150.0     469.7    4200.0     507.0 /
20650   50    1   RM= 32.50, SNAKE River
    1   60
    1600.0     522.0    1650.0     511.5    1700.0     510.4    1750.0     510.1
    1800.0     474.1    1850.0     446.2    1900.0     417.8    1950.0     397.8
    2000.0     392.0    2050.0     389.6    2100.0     390.1    2150.0     390.7
    2200.0     390.1    2250.0     392.0    2300.0     394.7    2350.0     397.9
    2400.0     400.0    2450.0     400.4    2500.0     400.8    2550.0     401.1
    2600.0     401.5    2650.0     401.8    2700.0     402.2    2750.0     402.6
    2800.0     403.0    2850.0     403.4    2900.0     403.8    2950.0     404.2
    3000.0     404.6    3050.0     405.3    3100.0     409.0    3150.0     414.5
    3200.0     415.0    3250.0     415.0    3300.0     415.0    3350.0     415.0
    3400.0     415.0    3450.0     415.0    3500.0     415.1    3550.0     416.4
    3600.0     419.9    3650.0     434.9    3700.0     440.9    3750.0     442.2
    3800.0     443.5    3850.0     444.8    3900.0     446.1    3950.0     447.5
    4000.0     448.8    4050.0     452.3    4100.0     458.6    4150.0     460.0
    4200.0     460.0    4250.0     460.0    4300.0     460.4    4350.0     462.3
    4400.0     464.6    4450.0     469.5    4500.0     480.9    4550.0     508.8 /
20660   50    1   RM= 33.00, SNAKE River
    1   53
    1700.0     521.0    1750.0     511.0    1800.0     491.7    1850.0     461.0
    1900.0     426.8    1950.0     405.3    2000.0     402.8    2050.0     402.3
    2100.0     402.6    2150.0     402.4    2200.0     402.8    2250.0     403.6
    2300.0     404.4    2350.0     404.8    2400.0     405.1    2450.0     404.7
    2500.0     403.8    2550.0     403.6    2600.0     403.1    2650.0     402.7
    2700.0     402.2    2750.0     401.9    2800.0     401.4    2850.0     401.7
    2900.0     403.1    2950.0     404.8    3000.0     405.0    3050.0     405.1
    3100.0     406.5    3150.0     408.2    3200.0     409.3    3250.0     410.0
    3300.0     410.4    3350.0     411.7    3400.0     413.2    3450.0     414.8
    3500.0     416.1    3550.0     417.6    3600.0     419.1    3650.0     421.6
    3700.0     426.2    3750.0     432.6    3800.0     436.6    3850.0     439.3
    3900.0     442.2    3950.0     446.3    4000.0     460.6    4050.0     477.1
    4100.0     484.9    4150.0     493.0    4200.0     500.6    4250.0     506.8
    4300.0     512.2 /
20670   50    1   RM= 33.50, SNAKE River
    1   48
    1750.0     517.6    1800.0     507.2    1850.0     503.8    1900.0     486.1
    1950.0     434.1    2000.0     416.4    2050.0     410.4    2100.0     410.0
    2150.0     410.0    2200.0     410.0    2250.0     410.0    2300.0     410.0
    2350.0     410.0    2400.0     410.0    2450.0     410.0    2500.0     410.0
    2550.0     412.1    2600.0     416.6    2650.0     420.0    2700.0     420.0
    2750.0     420.0    2800.0     420.0    2850.0     420.0    2900.0     420.0
    2950.0     420.0    3000.0     417.9    3050.0     411.4    3100.0     407.4
    3150.0     405.6    3200.0     403.4    3250.0     403.3    3300.0     402.9
    3350.0     402.6    3400.0     405.8    3450.0     402.8    3500.0     400.4
    3550.0     402.8    3600.0     399.6    3650.0     403.9    3700.0     406.5
    3750.0     408.9    3800.0     412.8    3850.0     434.8    3900.0     458.0
    3950.0     477.8    4000.0     481.9    4050.0     491.6    4100.0     511.0 /
20680   50    1   RM= 34.00, SNAKE River
    1   47
    1900.0     513.7    1950.0     495.9    2000.0     470.2    2050.0     425.9
    2100.0     412.0    2150.0     409.7    2200.0     409.3    2250.0     408.9
    2300.0     408.6    2350.0     408.2    2400.0     408.0    2450.0     408.8
    2500.0     408.7    2550.0     407.4    2600.0     407.8    2650.0     407.9
    2700.0     408.0    2750.0     407.8    2800.0     406.9    2850.0     407.0
    2900.0     407.2    2950.0     405.6    3000.0     403.8    3050.0     403.5
    3100.0     403.1    3150.0     403.1    3200.0     402.1    3250.0     402.3
    3300.0     403.1    3350.0     404.7    3400.0     406.3    3450.0     408.4
    3500.0     409.8    3550.0     412.7    3600.0     420.1    3650.0     433.0
    3700.0     446.2    3750.0     458.2    3800.0     466.6    3850.0     473.8
    3900.0     480.4    3950.0     486.8    4000.0     492.8    4050.0     498.6
    4100.0     505.6    4150.0     511.7    4200.0     516.0 /
20690   50    1   RM= 34.50, SNAKE River
    1   39
    1850.0     520.2    1900.0     513.9    1950.0     507.6    2000.0     501.4
    2050.0     495.3    2100.0     476.1    2150.0     445.9    2200.0     417.8
    2250.0     405.7    2300.0     399.1    2350.0     396.8    2400.0     395.3
    2450.0     394.3    2500.0     394.8    2550.0     396.5    2600.0     397.1
    2650.0     399.3    2700.0     401.3    2750.0     401.9    2800.0     402.2
    2850.0     402.1    2900.0     401.9    2950.0     402.1    3000.0     402.6
    3050.0     403.9    3100.0     405.6    3150.0     408.1    3200.0     410.2
    3250.0     412.5    3300.0     414.9    3350.0     422.6    3400.0     431.4
    3450.0     446.6    3500.0     459.3    3550.0     469.6    3600.0     477.2
    3650.0     484.2    3700.0     494.6    3750.0     514.1 /
20700   50    1   RM= 35.00, SNAKE River
    1   41
    1900.0     499.6    1950.0     467.3    2000.0     420.3    2050.0     403.2
    2100.0     395.8    2150.0     387.7    2200.0     386.4    2250.0     389.4
    2300.0     389.0    2350.0     397.9    2400.0     397.7    2450.0     400.0
    2500.0     402.9    2550.0     404.2    2600.0     405.1    2650.0     405.5
    2700.0     406.4    2750.0     406.8    2800.0     407.9    2850.0     408.2
    2900.0     409.1    2950.0     410.0    3000.0     410.1    3050.0     410.9
    3100.0     411.8    3150.0     412.6    3200.0     413.4    3250.0     414.2
    3300.0     415.5    3350.0     419.6    3400.0     422.6    3450.0     425.6
    3500.0     434.2    3550.0     452.2    3600.0     468.6    3650.0     479.5
    3700.0     486.3    3750.0     489.9    3800.0     495.7    3850.0     510.6
    3900.0     522.9 /
20710   50    1   RM= 35.50, SNAKE River
    1   52
    1550.0     517.9    1600.0     505.9    1650.0     485.9    1700.0     444.8
    1750.0     421.5    1800.0     418.4    1850.0     416.8    1900.0     415.3
    1950.0     413.8    2000.0     410.5    2050.0     407.7    2100.0     408.9
    2150.0     407.7    2200.0     408.1    2250.0     407.7    2300.0     408.7
    2350.0     409.8    2400.0     411.0    2450.0     412.1    2500.0     411.4
    2550.0     409.4    2600.0     411.1    2650.0     410.6    2700.0     412.3
    2750.0     414.2    2800.0     415.1    2850.0     423.1    2900.0     428.4
    2950.0     430.0    3000.0     430.0    3050.0     428.4    3100.0     425.4
    3150.0     418.2    3200.0     414.2    3250.0     413.7    3300.0     413.8
    3350.0     414.1    3400.0     414.0    3450.0     415.0    3500.0     415.1
    3550.0     416.7    3600.0     421.3    3650.0     452.6    3700.0     467.6
    3750.0     474.5    3800.0     484.6    3850.0     492.6    3900.0     498.2
    3950.0     504.5    4000.0     511.1    4050.0     515.9    4100.0     522.4 /
20720   50    1   RM= 36.00, SNAKE River
    1   54
    1600.0     522.7    1650.0     514.7    1700.0     506.4    1750.0     487.4
    1800.0     490.1    1850.0     504.2    1900.0     478.7    1950.0     449.8
    2000.0     429.0    2050.0     421.5    2100.0     420.0    2150.0     419.3
    2200.0     417.9    2250.0     417.4    2300.0     417.0    2350.0     416.6
    2400.0     416.3    2450.0     416.1    2500.0     416.0    2550.0     407.1
    2600.0     403.5    2650.0     405.1    2700.0     404.9    2750.0     404.3
    2800.0     404.2    2850.0     406.1    2900.0     409.9    2950.0     417.0
    3000.0     417.0    3050.0     417.0    3100.0     417.0    3150.0     417.0
    3200.0     417.0    3250.0     417.3    3300.0     417.7    3350.0     418.3
    3400.0     418.9    3450.0     419.6    3500.0     429.3    3550.0     450.9
    3600.0     464.6    3650.0     476.0    3700.0     483.6    3750.0     490.0
    3800.0     495.2    3850.0     498.5    3900.0     500.0    3950.0     500.0
    4000.0     500.0    4050.0     500.0    4100.0     500.0    4150.0     500.4
    4200.0     507.2    4250.0     516.7 /
20730   50    1   RM= 36.50, SNAKE River
    1   51
    1600.0     512.6    1650.0     495.1    1700.0     470.8    1750.0     453.5
    1800.0     448.2    1850.0     445.6    1900.0     442.4    1950.0     438.5
    2000.0     433.5    2050.0     429.5    2100.0     427.8    2150.0     426.1
    2200.0     422.6    2250.0     417.4    2300.0     415.2    2350.0     414.0
    2400.0     413.5    2450.0     412.8    2500.0     411.2    2550.0     409.0
    2600.0     410.3    2650.0     410.1    2700.0     409.7    2750.0     409.0
    2800.0     408.4    2850.0     408.4    2900.0     408.0    2950.0     406.9
    3000.0     406.8    3050.0     407.8    3100.0     409.4    3150.0     411.7
    3200.0     414.4    3250.0     417.0    3300.0     418.3    3350.0     419.2
    3400.0     424.3    3450.0     442.1    3500.0     461.5    3550.0     475.5
    3600.0     487.2    3650.0     495.2    3700.0     499.7    3750.0     500.0
    3800.0     500.0    3850.0     500.0    3900.0     500.0    3950.0     500.0
    4000.0     498.7    4050.0     500.3    4100.0     515.2 /
20740   50    1   RM= 37.00, SNAKE River
    1   47
    1750.0     510.4    1800.0     490.2    1850.0     466.6    1900.0     451.9
    1950.0     448.3    2000.0     446.5    2050.0     444.5    2100.0     441.8
    2150.0     437.1    2200.0     429.5    2250.0     426.7    2300.0     421.9
    2350.0     416.6    2400.0     412.3    2450.0     408.6    2500.0     403.6
    2550.0     399.8    2600.0     400.1    2650.0     400.8    2700.0     401.8
    2750.0     404.0    2800.0     405.9    2850.0     408.2    2900.0     409.6
    2950.0     411.6    3000.0     413.7    3050.0     415.3    3100.0     416.5
    3150.0     417.7    3200.0     418.9    3250.0     421.3    3300.0     429.5
    3350.0     444.3    3400.0     454.6    3450.0     482.1    3500.0     493.0
    3550.0     497.8    3600.0     499.5    3650.0     500.0    3700.0     500.0
    3750.0     500.0    3800.0     500.0    3850.0     500.0    3900.0     500.0
    3950.0     503.3    4000.0     511.6    4050.0     521.5 /
20750   50    1   RM= 37.50, SNAKE River
    1   39
    1700.0     512.5    1750.0     503.0    1800.0     495.7    1850.0     461.8
    1900.0     448.9    1950.0     434.1    2000.0     424.6    2050.0     421.7
    2100.0     420.0    2150.0     420.0    2200.0     420.0    2250.0     420.0
    2300.0     419.8    2350.0     418.0    2400.0     416.6    2450.0     415.4
    2500.0     415.2    2550.0     415.4    2600.0     415.6    2650.0     416.1
    2700.0     416.6    2750.0     416.8    2800.0     416.9    2850.0     417.0
    2900.0     417.1    2950.0     417.3    3000.0     417.6    3050.0     419.0
    3100.0     419.4    3150.0     419.5    3200.0     419.8    3250.0     420.0
    3300.0     420.0    3350.0     420.0    3400.0     425.0    3450.0     445.8
    3500.0     472.7    3550.0     496.3    3600.0     506.1 /
20760   50    1   RM= 38.00, SNAKE River
    1   42
    1400.0     499.2    1450.0     488.6    1500.0     485.2    1550.0     483.4
    1600.0     481.9    1650.0     480.3    1700.0     477.2    1750.0     473.7
    1800.0     470.7    1850.0     466.3    1900.0     462.7    1950.0     459.7
    2000.0     456.5    2050.0     453.0    2100.0     449.4    2150.0     445.8
    2200.0     435.6    2250.0     425.3    2300.0     419.8    2350.0     417.0
    2400.0     415.3    2450.0     413.8    2500.0     411.7    2550.0     409.5
    2600.0     407.3    2650.0     406.0    2700.0     405.4    2750.0     404.4
    2800.0     403.9    2850.0     403.9    2900.0     403.2    2950.0     402.3
    3000.0     402.4    3050.0     404.4    3100.0     410.2    3150.0     417.2
    3200.0     426.0    3250.0     442.1    3300.0     462.8    3350.0     494.8
    3400.0     511.7    3450.0     522.0 /
20770   50    1   RM= 38.50, SNAKE River
    1   42
    1350.0     516.8    1400.0     503.3    1450.0     508.4    1500.0     509.3
    1550.0     509.6    1600.0     507.0    1650.0     502.0    1700.0     494.9
    1750.0     489.2    1800.0     484.8    1850.0     480.8    1900.0     476.7
    1950.0     468.9    2000.0     457.0    2050.0     448.0    2100.0     438.6
    2150.0     432.2    2200.0     425.7    2250.0     420.9    2300.0     422.4
    2350.0     422.6    2400.0     422.5    2450.0     422.5    2500.0     422.8
    2550.0     420.9    2600.0     418.4    2650.0     417.0    2700.0     415.6
    2750.0     413.1    2800.0     411.4    2850.0     408.1    2900.0     405.3
    2950.0     402.7    3000.0     399.9    3050.0     404.2    3100.0     410.2
    3150.0     411.7    3200.0     421.4    3250.0     430.3    3300.0     456.3
    3350.0     479.8    3400.0     508.4 /
20780   50    1   RM= 39.00, SNAKE River
    1   46
    1750.0     499.9    1800.0     489.8    1850.0     484.4    1900.0     478.1
    1950.0     452.9    2000.0     435.8    2050.0     424.6    2100.0     422.2
    2150.0     420.8    2200.0     419.4    2250.0     418.7    2300.0     418.2
    2350.0     417.9    2400.0     417.7    2450.0     417.8    2500.0     417.3
    2550.0     417.5    2600.0     418.0    2650.0     418.6    2700.0     419.2
    2750.0     420.0    2800.0     421.0    2850.0     422.3    2900.0     423.0
    2950.0     423.1    3000.0     423.3    3050.0     423.5    3100.0     423.6
    3150.0     423.8    3200.0     423.9    3250.0     424.1    3300.0     424.4
    3350.0     426.3    3400.0     439.9    3450.0     457.8    3500.0     460.0
    3550.0     460.0    3600.0     460.0    3650.0     460.6    3700.0     464.7
    3750.0     470.4    3800.0     476.5    3850.0     470.1    3900.0     473.6
    3950.0     489.6    4000.0     512.0 /
20790   50    1   RM= 39.50, SNAKE River
    1   50
    1850.0     512.9    1900.0     497.4    1950.0     474.7    2000.0     442.1
    2050.0     423.3    2100.0     420.8    2150.0     419.2    2200.0     417.4
    2250.0     416.7    2300.0     416.7    2350.0     416.2    2400.0     416.1
    2450.0     416.3    2500.0     416.3    2550.0     416.6    2600.0     417.1
    2650.0     417.7    2700.0     418.3    2750.0     419.1    2800.0     419.7
    2850.0     420.3    2900.0     420.9    2950.0     421.3    3000.0     422.0
    3050.0     422.6    3100.0     423.5    3150.0     424.5    3200.0     427.4
    3250.0     433.5    3300.0     439.1    3350.0     445.6    3400.0     454.1
    3450.0     457.2    3500.0     459.8    3550.0     463.1    3600.0     467.3
    3650.0     473.2    3700.0     482.3    3750.0     488.1    3800.0     492.8
    3850.0     496.1    3900.0     498.1    3950.0     499.6    4000.0     500.0
    4050.0     503.8    4100.0     507.5    4150.0     511.2    4200.0     514.9
    4250.0     518.7    4300.0     522.4 /
20800   50    1   RM= 39.75, SNAKE River
    1   42
    2000.0     514.2    2050.0     502.3    2100.0     483.0    2150.0     454.8
    2200.0     429.3    2250.0     419.4    2300.0     414.1    2350.0     411.8
    2400.0     408.5    2450.0     409.9    2500.0     411.8    2550.0     413.0
    2600.0     413.0    2650.0     413.5    2700.0     414.7    2750.0     415.9
    2800.0     416.7    2850.0     417.9    2900.0     418.9    2950.0     419.7
    3000.0     420.4    3050.0     421.4    3100.0     422.3    3150.0     423.8
    3200.0     431.4    3250.0     441.6    3300.0     451.8    3350.0     461.4
    3400.0     467.5    3450.0     475.1    3500.0     485.2    3550.0     487.2
    3600.0     489.0    3650.0     490.5    3700.0     491.5    3750.0     492.6
    3800.0     493.5    3850.0     494.5    3900.0     496.9    3950.0     500.2
    4000.0     508.3    4050.0     516.6 /
20810   50    1   RM= 40.25, SNAKE River
    1   28
    2100.0     473.3    2150.0     446.6    2200.0     425.9    2250.0     418.6
    2300.0     413.5    2350.0     408.3    2400.0     405.9    2450.0     406.8
    2500.0     409.0    2550.0     411.7    2600.0     414.6    2650.0     415.8
    2700.0     416.9    2750.0     418.1    2800.0     419.1    2850.0     420.4
    2900.0     420.9    2950.0     421.5    3000.0     422.1    3050.0     422.8
    3100.0     423.7    3150.0     424.7    3200.0     433.1    3250.0     454.3
    3300.0     477.7    3350.0     491.3    3400.0     496.6    3450.0     499.3 /
20820   50    1   RM= 40.50, SNAKE River
    1   30
    1750.0     476.4    1800.0     454.8    1850.0     448.0    1900.0     434.4
    1950.0     431.1    2000.0     430.0    2050.0     430.0    2100.0     429.3
    2150.0     424.7    2200.0     423.6    2250.0     422.3    2300.0     421.2
    2350.0     420.0    2400.0     419.0    2450.0     417.6    2500.0     417.1
    2550.0     416.6    2600.0     415.6    2650.0     415.0    2700.0     416.4
    2750.0     416.6    2800.0     416.9    2850.0     416.7    2900.0     417.7
    2950.0     419.1    3000.0     421.2    3050.0     423.8    3100.0     427.6
    3150.0     442.0    3200.0     464.1 /
20830   50    1   RM= 41.00, SNAKE River
    1   43
    1700.0     494.2    1750.0     487.6    1800.0     479.1    1850.0     464.3
    1900.0     449.1    1950.0     433.6    2000.0     430.7    2050.0     430.0
    2100.0     430.0    2150.0     430.0    2200.0     430.0    2250.0     430.0
    2300.0     430.0    2350.0     430.0    2400.0     430.0    2450.0     430.0
    2500.0     430.0    2550.0     430.0    2600.0     429.1    2650.0     424.9
    2700.0     423.0    2750.0     421.8    2800.0     422.3    2850.0     422.6
    2900.0     422.4    2950.0     422.6    3000.0     422.9    3050.0     423.1
    3100.0     423.5    3150.0     424.2    3200.0     425.1    3250.0     426.6
    3300.0     428.4    3350.0     430.9    3400.0     436.4    3450.0     447.4
    3500.0     465.0    3550.0     475.8    3600.0     481.7    3650.0     486.8
    3700.0     492.5    3750.0     496.9    3800.0     499.1 /
20840   50    1   RM= 41.50, SNAKE River
    1   34
    1600.0     504.9    1650.0     489.9    1700.0     461.9    1750.0     435.2
    1800.0     430.2    1850.0     429.7    1900.0     429.3    1950.0     429.3
    2000.0     429.9    2050.0     430.4    2100.0     430.2    2150.0     430.1
    2200.0     430.1    2250.0     430.1    2300.0     430.1    2350.0     430.1
    2400.0     430.1    2450.0     430.1    2500.0     430.1    2550.0     430.1
    2600.0     430.0    2650.0     428.3    2700.0     425.8    2750.0     423.2
    2800.0     422.4    2850.0     421.9    2900.0     424.1    2950.0     427.0
    3000.0     428.3    3050.0     429.7    3100.0     433.4    3150.0     445.3
    3200.0     464.3    3250.0     481.1 /
20850   50    1   RM= 42.00, SNAKE River
    1   63
    1050.0     565.6    1100.0     538.5    1150.0     504.0    1200.0     482.6
    1250.0     480.7    1300.0     479.4    1350.0     476.5    1400.0     478.9
    1450.0     479.4    1500.0     476.9    1550.0     474.3    1600.0     470.7
    1650.0     466.6    1700.0     465.1    1750.0     465.0    1800.0     465.1
    1850.0     484.7    1900.0     485.1    1950.0     460.0    2000.0     463.7
    2050.0     478.9    2100.0     481.1    2150.0     474.2    2200.0     464.4
    2250.0     462.3    2300.0     459.9    2350.0     455.1    2400.0     444.8
    2450.0     436.3    2500.0     434.3    2550.0     433.6    2600.0     433.0
    2650.0     432.3    2700.0     431.6    2750.0     431.0    2800.0     430.3
    2850.0     430.2    2900.0     430.2    2950.0     429.9    3000.0     429.1
    3050.0     429.0    3100.0     429.0    3150.0     429.1    3200.0     429.2
    3250.0     429.4    3300.0     429.6    3350.0     429.9    3400.0     430.3
    3450.0     430.4    3500.0     430.4    3550.0     430.6    3600.0     431.1
    3650.0     431.2    3700.0     431.3    3750.0     431.4    3800.0     431.5
    3850.0     431.5    3900.0     432.2    3950.0     433.1    4000.0     434.1
    4050.0     442.0    4100.0     463.9    4150.0     484.7 /
20860   50    1   RM= 42.50, SNAKE River
    1   61
    1100.0     550.0    1150.0     517.6    1200.0     491.7    1250.0     487.0
    1300.0     484.4    1350.0     482.6    1400.0     480.6    1450.0     479.1
    1500.0     477.7    1550.0     476.6    1600.0     475.9    1650.0     476.2
    1700.0     477.1    1750.0     478.4    1800.0     480.3    1850.0     489.3
    1900.0     499.3    1950.0     504.6    2000.0     505.0    2050.0     504.7
    2100.0     503.7    2150.0     502.9    2200.0     502.0    2250.0     501.2
    2300.0     500.4    2350.0     497.0    2400.0     491.0    2450.0     486.6
    2500.0     481.6    2550.0     473.4    2600.0     464.7    2650.0     453.7
    2700.0     443.2    2750.0     435.2    2800.0     434.5    2850.0     434.0
    2900.0     433.5    2950.0     433.0    3000.0     432.6    3050.0     432.2
    3100.0     431.2    3150.0     430.2    3200.0     429.3    3250.0     429.0
    3300.0     428.0    3350.0     426.9    3400.0     426.0    3450.0     425.4
    3500.0     424.8    3550.0     424.5    3600.0     425.5    3650.0     425.8
    3700.0     426.1    3750.0     426.8    3800.0     428.0    3850.0     429.6
    3900.0     431.1    3950.0     432.7    4000.0     434.3    4050.0     451.1
    4100.0     477.6 /
20870   50    1   RM= 43.00, SNAKE River
    1   77
     650.0     597.0     700.0     589.1     750.0     581.2     800.0     573.3
     850.0     565.4     900.0     557.1     950.0     548.3    1000.0     539.1
    1050.0     529.8    1100.0     520.6    1150.0     511.3    1200.0     502.1
    1250.0     492.4    1300.0     485.8    1350.0     487.6    1400.0     489.0
    1450.0     490.9    1500.0     493.8    1550.0     496.0    1600.0     497.0
    1650.0     495.6    1700.0     495.0    1750.0     496.6    1800.0     499.6
    1850.0     502.0    1900.0     505.0    1950.0     506.5    2000.0     507.9
    2050.0     509.1    2100.0     510.4    2150.0     511.8    2200.0     513.1
    2250.0     514.5    2300.0     515.0    2350.0     515.0    2400.0     515.0
    2450.0     515.0    2500.0     515.0    2550.0     515.0    2600.0     514.7
    2650.0     512.5    2700.0     510.4    2750.0     508.3    2800.0     505.9
    2850.0     501.0    2900.0     493.4    2950.0     480.7    3000.0     457.1
    3050.0     438.7    3100.0     433.9    3150.0     432.9    3200.0     432.1
    3250.0     431.4    3300.0     430.4    3350.0     430.2    3400.0     429.9
    3450.0     430.0    3500.0     430.4    3550.0     430.8    3600.0     431.0
    3650.0     431.6    3700.0     431.7    3750.0     431.8    3800.0     432.0
    3850.0     431.9    3900.0     431.9    3950.0     431.5    4000.0     430.7
    4050.0     430.4    4100.0     428.7    4150.0     427.9    4200.0     429.3
    4250.0     431.7    4300.0     434.1    4350.0     440.1    4400.0     460.6
    4450.0     470.0 /
20880   50    1   RM= 43.50, SNAKE River
    1   73
     800.0     529.2     850.0     495.9     900.0     494.2     950.0     493.3
    1000.0     492.2    1050.0     491.1    1100.0     490.0    1150.0     490.0
    1200.0     490.0    1250.0     491.5    1300.0     494.2    1350.0     497.3
    1400.0     500.0    1450.0     500.1    1500.0     504.9    1550.0     506.5
    1600.0     507.8    1650.0     509.1    1700.0     510.5    1750.0     511.9
    1800.0     513.3    1850.0     514.6    1900.0     516.4    1950.0     518.1
    2000.0     520.0    2050.0     522.4    2100.0     524.5    2150.0     523.8
    2200.0     502.2    2250.0     469.1    2300.0     442.9    2350.0     434.7
    2400.0     432.4    2450.0     431.0    2500.0     430.9    2550.0     431.3
    2600.0     430.7    2650.0     429.3    2700.0     428.6    2750.0     428.4
    2800.0     427.8    2850.0     427.4    2900.0     427.4    2950.0     427.8
    3000.0     427.8    3050.0     427.5    3100.0     427.8    3150.0     428.1
    3200.0     427.8    3250.0     428.3    3300.0     429.8    3350.0     431.4
    3400.0     432.7    3450.0     433.6    3500.0     435.2    3550.0     437.9
    3600.0     440.6    3650.0     443.4    3700.0     448.0    3750.0     452.7
    3800.0     457.7    3850.0     462.5    3900.0     465.0    3950.0     465.0
    4000.0     466.7    4050.0     469.0    4100.0     471.8    4150.0     474.6
    4200.0     478.9    4250.0     482.6    4300.0     486.8    4350.0     492.2
    4400.0     498.5 /
20890   50    1   RM= 44.00, SNAKE River
    1   42
    1550.0     507.7    1600.0     499.4    1650.0     478.3    1700.0     451.1
    1750.0     445.0    1800.0     440.5    1850.0     434.9    1900.0     433.4
    1950.0     432.1    2000.0     431.9    2050.0     430.8    2100.0     429.2
    2150.0     429.1    2200.0     427.2    2250.0     427.3    2300.0     427.0
    2350.0     426.9    2400.0     427.4    2450.0     428.7    2500.0     430.1
    2550.0     432.0    2600.0     433.8    2650.0     435.3    2700.0     436.6
    2750.0     437.8    2800.0     439.1    2850.0     440.4    2900.0     441.7
    2950.0     443.0    3000.0     444.4    3050.0     445.5    3100.0     446.4
    3150.0     447.3    3200.0     448.2    3250.0     449.1    3300.0     450.1
    3350.0     452.1    3400.0     454.6    3450.0     467.8    3500.0     480.4
    3550.0     488.6    3600.0     495.1 /
20900   50    1   RM= 44.50, SNAKE River
    1   33
    1850.0     511.0    1950.0     504.1    2000.0     469.3    2050.0     442.3
    2100.0     436.4    2150.0     434.8    2200.0     435.7    2250.0     435.2
    2300.0     433.8    2350.0     432.0    2400.0     431.3    2450.0     433.9
    2500.0     436.6    2550.0     436.1    2600.0     436.2    2650.0     436.8
    2700.0     436.5    2750.0     435.1    2800.0     434.2    2850.0     434.8
    2900.0     435.3    2950.0     435.6    3000.0     435.8    3050.0     436.3
    3100.0     436.8    3150.0     437.3    3200.0     438.4    3250.0     439.4
    3300.0     445.0    3350.0     455.8    3400.0     469.8    3450.0     488.9
    3500.0     497.6 /
20910   50    1   RM= 45.00, SNAKE River
    1   35
    1700.0     512.2    1750.0     502.3    1800.0     500.0    1850.0     481.9
    1900.0     462.1    1950.0     484.6    2000.0     440.2    2050.0     440.0
    2100.0     440.0    2150.0     439.8    2200.0     439.6    2250.0     439.5
    2300.0     439.3    2350.0     439.1    2400.0     438.9    2450.0     438.7
    2500.0     438.6    2550.0     438.4    2600.0     438.1    2650.0     437.7
    2700.0     432.0    2750.0     427.8    2800.0     424.6    2850.0     425.2
    2900.0     426.4    2950.0     427.7    3000.0     429.4    3050.0     431.9
    3100.0     434.4    3150.0     436.9    3200.0     439.0    3250.0     442.7
    3300.0     453.3    3350.0     471.5    3400.0     492.2 /
20920   50    1   RM= 45.50, SNAKE River
    1   32
    1750.0     497.2    1800.0     477.5    1850.0     466.5    1900.0     479.6
    1950.0     518.4    2000.0     456.5    2050.0     439.6    2100.0     438.7
    2150.0     436.5    2200.0     434.0    2250.0     432.0    2300.0     430.5
    2350.0     429.2    2400.0     429.9    2450.0     434.9    2500.0     434.3
    2550.0     434.0    2600.0     434.1    2650.0     434.0    2700.0     435.0
    2750.0     435.4    2800.0     435.6    2850.0     436.9    2900.0     437.3
    2950.0     437.3    3000.0     438.4    3050.0     439.7    3100.0     442.1
    3150.0     444.6    3200.0     461.3    3250.0     476.3    3300.0     495.2 /
20930   50    1   RM= 46.00, SNAKE River
    1   30
    1950.0     502.2    2000.0     485.2    2050.0     480.8    2100.0     472.3
    2150.0     462.5    2200.0     450.0    2250.0     450.0    2300.0     444.6
    2350.0     440.0    2400.0     439.9    2450.0     440.2    2500.0     436.1
    2550.0     431.1    2600.0     429.2    2650.0     428.0    2700.0     429.1
    2750.0     429.9    2800.0     431.3    2850.0     433.1    2900.0     434.7
    2950.0     435.2    3000.0     435.8    3050.0     436.9    3100.0     438.3
    3150.0     438.8    3200.0     439.3    3250.0     440.1    3300.0     443.3
    3350.0     456.7    3400.0     479.9 /
20940   50    1   RM= 46.50, SNAKE River
    1   48
    1700.0     519.8    1750.0     509.7    1800.0     500.3    1850.0     494.9
    1900.0     497.3    1950.0     485.9    2000.0     485.0    2050.0     485.0
    2100.0     483.9    2150.0     481.2    2200.0     475.7    2250.0     460.9
    2300.0     446.9    2350.0     443.9    2400.0     442.9    2450.0     442.0
    2500.0     441.7    2550.0     441.7    2600.0     441.0    2650.0     440.4
    2700.0     439.8    2750.0     439.2    2800.0     438.9    2850.0     438.6
    2900.0     438.7    2950.0     438.6    3000.0     439.0    3050.0     439.6
    3100.0     439.9    3150.0     440.4    3200.0     440.9    3250.0     441.4
    3300.0     441.6    3350.0     442.2    3400.0     442.2    3450.0     442.1
    3500.0     441.8    3550.0     442.7    3600.0     443.7    3650.0     445.2
    3700.0     456.9    3750.0     477.9    3800.0     494.8    3850.0     500.6
    3900.0     507.0    3950.0     512.9    4000.0     518.6    4050.0     523.1 /
20950   50    1   RM= 47.00, SNAKE River
    1   33
    2050.0     523.1    2100.0     519.9    2150.0     508.4    2200.0     513.5
    2250.0     507.0    2300.0     496.5    2350.0     473.8    2400.0     455.6
    2450.0     445.5    2500.0     443.1    2550.0     442.5    2600.0     441.2
    2650.0     440.2    2700.0     439.8    2750.0     439.8    2800.0     439.3
    2850.0     438.9    2900.0     438.4    2950.0     438.6    3000.0     438.7
    3050.0     438.7    3100.0     438.3    3150.0     438.4    3200.0     438.0
    3250.0     438.7    3300.0     439.3    3350.0     441.5    3400.0     442.9
    3450.0     443.9    3500.0     444.6    3550.0     447.0    3600.0     457.8
    3650.0     491.0 /
20960   50    1   RM= 47.50, SNAKE River
    1   31
    2150.0     518.3    2200.0     510.7    2250.0     502.9    2300.0     498.2
    2350.0     479.9    2400.0     468.5    2450.0     459.1    2500.0     448.6
    2550.0     444.3    2600.0     443.6    2650.0     442.8    2700.0     442.5
    2750.0     442.4    2800.0     442.3    2850.0     441.9    2900.0     441.2
    2950.0     441.0    3000.0     440.5    3050.0     439.6    3100.0     438.7
    3150.0     437.5    3200.0     436.9    3250.0     436.9    3300.0     437.7
    3350.0     439.5    3400.0     440.5    3450.0     441.3    3500.0     442.8
    3550.0     446.6    3600.0     463.3    3650.0     494.0 /
20970   50    1   RM= 48.00, SNAKE River
    1   32
    2100.0     518.9    2150.0     503.7    2200.0     500.0    2250.0     492.9
    2300.0     477.8    2350.0     465.4    2400.0     458.8    2450.0     451.4
    2500.0     444.2    2550.0     442.4    2600.0     441.8    2650.0     441.2
    2700.0     440.4    2750.0     440.0    2800.0     439.4    2850.0     439.6
    2900.0     439.9    2950.0     440.2    3000.0     440.4    3050.0     440.5
    3100.0     440.6    3150.0     440.3    3200.0     440.2    3250.0     440.3
    3300.0     439.6    3350.0     440.1    3400.0     441.6    3450.0     443.3
    3500.0     446.2    3550.0     451.5    3600.0     465.9    3650.0     500.0 /
20980   50    1   RM= 48.50, SNAKE River
    1   35
    1900.0     521.4    1950.0     517.8    2000.0     513.7    2050.0     507.8
    2100.0     503.3    2150.0     500.5    2200.0     489.6    2250.0     477.1
    2300.0     471.1    2350.0     466.6    2400.0     460.9    2450.0     454.5
    2500.0     449.5    2550.0     444.8    2600.0     440.5    2650.0     436.4
    2700.0     434.7    2750.0     435.1    2800.0     434.6    2850.0     433.8
    2900.0     433.2    2950.0     433.5    3000.0     435.3    3050.0     435.8
    3100.0     437.5    3150.0     440.5    3200.0     443.2    3250.0     446.9
    3300.0     453.0    3350.0     456.7    3400.0     458.9    3450.0     463.5
    3500.0     467.2    3550.0     470.3    3600.0     502.1 /
20990   50    1   RM= 49.00, SNAKE River
    1   34
    1900.0     522.2    1950.0     520.1    2000.0     519.1    2050.0     514.9
    2100.0     510.6    2150.0     508.0    2200.0     505.2    2250.0     499.4
    2300.0     493.2    2350.0     481.3    2400.0     466.4    2450.0     461.2
    2500.0     457.3    2550.0     453.4    2600.0     449.7    2650.0     447.2
    2700.0     445.5    2750.0     444.2    2800.0     443.4    2850.0     442.9
    2900.0     442.5    2950.0     442.1    3000.0     441.7    3050.0     440.4
    3100.0     437.7    3150.0     436.7    3200.0     436.4    3250.0     439.3
    3300.0     443.0    3350.0     444.5    3400.0     444.4    3450.0     445.3
    3500.0     450.2    3550.0     474.3 /
21000   50    1   RM= 49.50, SNAKE River
    1   37
    1850.0     519.4    1900.0     510.2    1950.0     505.5    2000.0     503.1
    2050.0     491.2    2100.0     470.2    2150.0     454.8    2200.0     449.0
    2250.0     447.1    2300.0     445.4    2350.0     445.7    2400.0     446.5
    2450.0     447.0    2500.0     447.8    2550.0     448.1    2600.0     448.0
    2650.0     447.8    2700.0     447.5    2750.0     447.3    2800.0     447.0
    2850.0     446.6    2900.0     446.6    2950.0     446.9    3000.0     447.9
    3050.0     448.4    3100.0     448.6    3150.0     448.9    3200.0     449.1
    3250.0     449.4    3300.0     449.6    3350.0     449.8    3400.0     450.0
    3450.0     451.3    3500.0     453.7    3550.0     472.0    3600.0     486.1
    3650.0     499.3 /
21010   50    1   RM= 50.00, SNAKE River
    1   47
    1750.0     513.6    1800.0     518.7    1850.0     513.2    1900.0     507.5
    1950.0     495.8    2000.0     470.0    2050.0     458.2    2100.0     454.0
    2150.0     450.5    2200.0     449.2    2250.0     448.1    2300.0     446.7
    2350.0     446.5    2400.0     445.6    2450.0     442.6    2500.0     439.5
    2550.0     438.3    2600.0     437.4    2650.0     437.1    2700.0     439.2
    2750.0     442.8    2800.0     446.2    2850.0     448.3    2900.0     449.2
    2950.0     450.1    3000.0     450.7    3050.0     451.9    3100.0     453.4
    3150.0     455.0    3200.0     459.4    3250.0     469.3    3300.0     478.3
    3350.0     484.3    3400.0     485.0    3450.0     485.0    3500.0     485.0
    3550.0     486.5    3600.0     489.2    3650.0     491.0    3700.0     492.6
    3750.0     494.1    3800.0     496.5    3850.0     500.5    3900.0     506.6
    3950.0     512.9    4000.0     518.2    4050.0     523.8 /
21020   50    1   RM= 50.50, SNAKE River
    1   37
    2050.0     522.5    2100.0     498.6    2150.0     470.8    2200.0     453.8
    2250.0     449.1    2300.0     444.9    2350.0     442.5    2400.0     440.4
    2450.0     438.8    2500.0     437.1    2550.0     436.0    2600.0     435.5
    2650.0     437.8    2700.0     443.4    2750.0     445.6    2800.0     448.3
    2850.0     449.3    2900.0     449.9    2950.0     450.9    3000.0     452.6
    3050.0     454.5    3100.0     459.2    3150.0     462.9    3200.0     466.2
    3250.0     469.4    3300.0     476.4    3350.0     488.3    3400.0     493.9
    3450.0     497.3    3500.0     500.1    3550.0     502.9    3600.0     511.2
    3650.0     522.7    4500.0     516.3    4550.0     509.4    4600.0     515.0
    4650.0     522.1 /
21030   50    1   RM= 51.00, SNAKE River
    1   32
    2000.0     504.1    2050.0     486.9    2100.0     464.7    2150.0     455.7
    2200.0     454.5    2250.0     454.0    2300.0     453.6    2350.0     453.2
    2400.0     452.8    2450.0     452.5    2500.0     452.1    2550.0     451.6
    2600.0     448.9    2650.0     441.4    2700.0     418.4    2750.0     431.9
    2800.0     450.5    2850.0     451.6    2900.0     451.5    2950.0     451.7
    3000.0     452.5    3050.0     453.4    3100.0     454.3    3150.0     457.7
    3200.0     468.4    3250.0     485.3    3300.0     504.0    3350.0     511.8
    3400.0     514.5    3450.0     517.2    3500.0     519.8    3550.0     523.5 /
21040   50    1   RM= 51.50, SNAKE River
    1   28
    2000.0     491.5    2050.0     471.1    2100.0     464.8    2150.0     462.4
    2200.0     460.4    2250.0     459.1    2300.0     458.0    2350.0     456.7
    2400.0     455.2    2450.0     451.1    2500.0     443.8    2550.0     437.2
    2600.0     430.7    2650.0     430.4    2700.0     434.0    2750.0     443.0
    2800.0     446.9    2850.0     451.0    2900.0     453.1    2950.0     454.1
    3000.0     456.1    3050.0     461.4    3100.0     471.6    3150.0     481.8
    3200.0     500.0    3250.0     509.1    3300.0     515.7    3350.0     548.6 /
21050   50    1   RM= 52.00, SNAKE River
    1   38
    1350.0     545.4    1400.0     508.3    1450.0     504.3    1500.0     497.9
    1550.0     487.9    1600.0     501.9    1650.0     506.8    1700.0     506.2
    1750.0     505.1    1800.0     504.0    1850.0     499.2    1900.0     487.1
    1950.0     491.3    2000.0     487.2    2050.0     471.4    2100.0     467.0
    2150.0     458.6    2200.0     452.0    2250.0     444.2    2300.0     438.9
    2350.0     436.5    2400.0     436.1    2450.0     435.7    2500.0     436.5
    2550.0     437.0    2600.0     441.4    2650.0     445.8    2700.0     447.6
    2750.0     448.9    2800.0     450.0    2850.0     452.1    2900.0     455.6
    2950.0     466.7    3000.0     484.4    3050.0     503.5    3100.0     513.7
    3150.0     520.5    3200.0     527.6 /
21060   50    1   RM= 52.50, SNAKE River
    1   29
    1950.0     519.2    2000.0     485.3    2050.0     463.8    2100.0     458.9
    2150.0     457.4    2200.0     455.9    2250.0     454.7    2300.0     454.2
    2350.0     452.6    2400.0     448.2    2450.0     444.7    2500.0     444.0
    2550.0     441.2    2600.0     443.1    2650.0     446.3    2700.0     449.4
    2750.0     451.3    2800.0     452.8    2850.0     454.7    2900.0     458.6
    2950.0     463.4    3000.0     472.3    3050.0     487.4    3100.0     502.0
    3150.0     511.4    3200.0     517.0    3250.0     521.1    3300.0     523.9
    3350.0     527.8 /
21070   50    1   RM= 53.00, SNAKE River
    1   28
    1950.0     528.2    2000.0     529.1    2050.0     518.9    2100.0     463.0
    2150.0     454.0    2200.0     452.9    2250.0     451.9    2300.0     450.5
    2350.0     450.1    2400.0     448.0    2450.0     447.0    2500.0     449.0
    2550.0     448.6    2600.0     449.3    2650.0     448.1    2700.0     448.7
    2750.0     450.6    2800.0     451.8    2850.0     452.9    2900.0     454.4
    2950.0     460.6    3000.0     470.9    3050.0     483.7    3100.0     499.7
    3150.0     508.6    3200.0     517.3    3250.0     523.1    3300.0     529.6 /
21080   50    1   RM= 53.50, SNAKE River
    1   38
    1500.0     570.3    1550.0     546.8    1600.0     517.1    1650.0     511.6
    1700.0     508.4    1750.0     505.6    1800.0     502.6    1850.0     498.9
    1900.0     489.2    1950.0     476.6    2000.0     474.0    2050.0     464.2
    2100.0     460.0    2150.0     460.0    2200.0     460.0    2250.0     459.7
    2300.0     458.6    2350.0     457.4    2400.0     456.2    2450.0     455.0
    2500.0     453.8    2550.0     452.9    2600.0     452.0    2650.0     451.2
    2700.0     451.9    2750.0     454.4    2800.0     455.0    2850.0     457.1
    2900.0     456.5    2950.0     457.2    3000.0     457.9    3050.0     458.9
    3100.0     460.4    3150.0     485.2    3200.0     506.5    3250.0     517.3
    3300.0     524.9    3350.0     531.1 /
21090   50    1   RM= 54.00, SNAKE River
    1   29
    1950.0     519.5    2000.0     507.2    2050.0     488.1    2100.0     478.4
    2150.0     470.6    2200.0     464.7    2250.0     463.2    2300.0     461.8
    2350.0     460.5    2400.0     459.1    2450.0     456.4    2500.0     454.9
    2550.0     454.6    2600.0     456.7    2650.0     458.6    2700.0     460.0
    2750.0     460.1    2800.0     460.5    2850.0     460.9    2900.0     461.3
    2950.0     461.8    3000.0     462.4    3050.0     463.0    3100.0     463.6
    3150.0     464.3    3200.0     466.5    3250.0     480.0    3300.0     508.5
    3350.0     527.0 /
21100   50    1   RM= 54.50, SNAKE River
    1   37
    1850.0     537.0    1900.0     531.1    1950.0     526.8    2000.0     522.2
    2050.0     517.1    2100.0     510.1    2150.0     505.0    2200.0     487.3
    2250.0     474.4    2300.0     469.4    2350.0     468.6    2400.0     467.8
    2450.0     467.1    2500.0     466.3    2550.0     465.5    2600.0     464.5
    2650.0     463.4    2700.0     462.2    2750.0     461.0    2800.0     459.9
    2850.0     458.9    2900.0     458.3    2950.0     457.7    3000.0     458.2
    3050.0     458.2    3100.0     457.4    3150.0     457.1    3200.0     458.0
    3250.0     459.9    3300.0     461.6    3350.0     463.8    3400.0     465.9
    3450.0     468.0    3500.0     471.3    3550.0     502.3    3600.0     517.3
    3650.0     529.1 /
21110   50    1   RM= 55.00, SNAKE River
    1   26
    2100.0     538.9    2150.0     534.5    2200.0     527.0    2250.0     517.1
    2300.0     510.8    2350.0     506.0    2400.0     496.9    2450.0     489.7
    2500.0     477.2    2550.0     468.4    2600.0     464.1    2650.0     460.2
    2700.0     456.8    2750.0     456.0    2800.0     455.7    2850.0     455.3
    2900.0     455.3    2950.0     453.4    3000.0     451.0    3050.0     449.1
    3100.0     447.6    3150.0     453.4    3200.0     458.1    3250.0     463.7
    3300.0     480.7    3350.0     504.8 /
21120   50    1   RM= 55.50, SNAKE River
    1   29
    2000.0     536.3    2050.0     532.8    2100.0     530.7    2150.0     527.2
    2200.0     529.9    2250.0     529.1    2300.0     519.7    2350.0     501.4
    2400.0     491.9    2450.0     478.2    2500.0     468.6    2550.0     464.6
    2600.0     461.0    2650.0     457.5    2700.0     455.2    2750.0     454.6
    2800.0     452.5    2850.0     450.9    2900.0     453.7    2950.0     456.6
    3000.0     457.6    3050.0     458.5    3100.0     458.8    3150.0     460.8
    3200.0     462.4    3250.0     464.5    3300.0     471.9    3350.0     485.8
    3400.0     505.8 /
21130   50    1   RM= 56.00, SNAKE River
    1   41
    1700.0     537.5    1750.0     532.3    1800.0     525.3    1850.0     523.9
    1900.0     521.6    1950.0     516.0    2000.0     508.6    2050.0     503.3
    2100.0     490.1    2150.0     471.5    2200.0     468.3    2250.0     466.7
    2300.0     465.2    2350.0     463.6    2400.0     462.1    2450.0     460.5
    2500.0     458.9    2550.0     457.1    2600.0     454.6    2650.0     454.0
    2700.0     454.5    2750.0     457.8    2800.0     461.0    2850.0     464.0
    2900.0     467.3    2950.0     470.0    3000.0     470.0    3050.0     470.0
    3100.0     470.3    3150.0     471.0    3200.0     471.8    3250.0     473.7
    3300.0     475.4    3350.0     478.5    3400.0     476.1    3450.0     476.0
    3500.0     476.4    3550.0     477.8    3600.0     489.4    3650.0     507.6
    3700.0     528.2 /
21140   50    1   RM= 56.50, SNAKE River
    1   25
    2150.0     541.0    2200.0     522.7    2250.0     506.6    2300.0     492.9
    2350.0     487.5    2400.0     479.2    2450.0     465.8    2500.0     458.2
    2550.0     450.5    2600.0     447.2    2650.0     446.3    2700.0     446.0
    2750.0     445.5    2800.0     446.8    2850.0     447.3    2900.0     447.9
    2950.0     452.1    3000.0     455.3    3050.0     456.6    3100.0     467.2
    3150.0     470.0    3200.0     484.6    3250.0     503.4    3300.0     524.1
    3350.0     537.7 /
21150   50    1   RM= 57.00, SNAKE River
    1   23
    2200.0     541.3    2250.0     519.0    2300.0     494.3    2350.0     483.4
    2400.0     475.2    2450.0     467.5    2500.0     461.2    2550.0     454.4
    2600.0     448.2    2650.0     447.2    2700.0     448.9    2750.0     450.5
    2800.0     450.8    2850.0     453.8    2900.0     457.9    2950.0     461.7
    3000.0     465.6    3050.0     468.9    3100.0     474.3    3150.0     495.1
    3200.0     511.5    3250.0     528.0    3300.0     538.2 /
21160   50    1   RM= 57.50, SNAKE River
    1   22
    2150.0     525.7    2200.0     498.8    2250.0     472.4    2300.0     468.8
    2350.0     467.5    2400.0     466.3    2450.0     465.0    2500.0     463.7
    2550.0     463.1    2600.0     462.4    2650.0     460.4    2700.0     459.9
    2750.0     458.1    2800.0     457.8    2850.0     458.2    2900.0     461.8
    2950.0     464.0    3000.0     466.4    3050.0     469.0    3100.0     484.5
    3150.0     503.9    3200.0     532.0 /
21170   50    1   RM= 58.00, SNAKE River
    1   37
    1600.0     549.0    1650.0     546.2    1700.0     544.5    1750.0     541.8
    1800.0     538.0    1850.0     534.0    1900.0     529.6    1950.0     524.0
    2000.0     517.1    2050.0     504.5    2100.0     496.0    2150.0     488.7
    2200.0     479.8    2250.0     474.5    2300.0     472.8    2350.0     471.3
    2400.0     469.9    2450.0     468.9    2500.0     468.8    2550.0     468.1
    2600.0     467.4    2650.0     466.6    2700.0     466.5    2750.0     465.8
    2800.0     465.4    2850.0     466.6    2900.0     467.9    2950.0     469.7
    3000.0     470.6    3050.0     471.4    3100.0     472.4    3150.0     473.8
    3200.0     475.5    3250.0     477.1    3300.0     478.6    3350.0     493.6
    3400.0     513.0 /
21180   50    1   RM= 58.50, SNAKE River
    1   35
    1400.0     549.7    1450.0     549.2    1500.0     548.8    1550.0     548.3
    1600.0     547.9    1650.0     547.4    1700.0     547.5    1750.0     547.9
    1800.0     548.8    2100.0     527.3    2150.0     515.2    2200.0     499.6
    2250.0     484.0    2300.0     475.3    2350.0     473.1    2400.0     471.5
    2450.0     470.0    2500.0     468.7    2550.0     469.0    2600.0     464.8
    2650.0     462.1    2700.0     460.6    2750.0     460.0    2800.0     460.0
    2850.0     459.5    2900.0     461.0    2950.0     462.8    3000.0     466.7
    3050.0     472.8    3100.0     473.3    3150.0     474.7    3200.0     483.5
    3250.0     511.5    3300.0     521.1    3350.0     540.8 /
21190   50    1   RM= 59.00, SNAKE River
    1   73
     350.0     550.4     400.0     519.0     450.0     520.9     500.0     525.8
     550.0     531.5     600.0     534.8     650.0     535.0     700.0     535.0
     750.0     535.0     800.0     535.0     850.0     535.0     900.0     535.0
     950.0     537.3    1000.0     540.4    1050.0     542.4    1100.0     544.0
    1150.0     545.4    1200.0     546.7    1250.0     547.9    1300.0     548.5
    1350.0     549.1    1400.0     548.7    1450.0     549.5    1500.0     549.6
    1600.0     549.1    1650.0     549.7    1700.0     549.6    1800.0     549.0
    1850.0     548.8    1900.0     548.5    1950.0     547.8    2000.0     546.4
    2050.0     543.0    2100.0     529.1    2150.0     531.4    2200.0     512.2
    2250.0     495.4    2300.0     486.9    2350.0     480.1    2400.0     474.3
    2450.0     470.3    2500.0     466.5    2550.0     463.6    2600.0     459.8
    2650.0     455.7    2700.0     456.5    2750.0     457.2    2800.0     458.8
    2850.0     461.1    2900.0     466.7    2950.0     470.9    3000.0     471.2
    3050.0     471.5    3100.0     472.1    3150.0     473.1    3200.0     474.1
    3250.0     475.4    3300.0     481.0    3350.0     487.2    3400.0     492.5
    3450.0     501.0    3500.0     507.5    3550.0     510.0    3600.0     510.0
    3650.0     510.0    3700.0     510.0    3750.0     508.8    3800.0     505.3
    3850.0     507.5    3900.0     509.9    3950.0     513.1    4000.0     520.4
    4050.0     533.4 /
21200   50    1   RM= 59.50, SNAKE River
    1   30
    2000.0     529.5    2050.0     517.0    2100.0     500.5    2150.0     489.2
    2200.0     483.8    2250.0     481.4    2300.0     479.0    2350.0     476.3
    2400.0     462.4    2450.0     433.8    2500.0     414.8    2550.0     412.9
    2600.0     414.4    2650.0     436.2    2700.0     475.0    2750.0     490.0
    2800.0     490.4    2850.0     488.6    2900.0     487.5    2950.0     485.0
    3000.0     485.0    3050.0     483.5    3100.0     480.7    3150.0     480.0
    3200.0     480.1    3250.0     482.5    3300.0     486.2    3350.0     492.7
    3400.0     510.1    3450.0     555.7 /
21210   50    1   RM= 60.00, SNAKE River
    1   23
    2300.0     557.6    2350.0     539.6    2400.0     540.7    2450.0     493.9
    2500.0     479.5    2550.0     478.7    2600.0     477.8    2650.0     476.6
    2700.0     475.3    2750.0     474.0    2800.0     461.0    2850.0     436.4
    2900.0     446.0    2950.0     473.6    3000.0     476.6    3050.0     478.2
    3100.0     480.0    3150.0     485.2    3200.0     487.1    3250.0     488.8
    3300.0     492.9    3350.0     504.5    3400.0     535.5 /
21220   50    1   RM= 60.50, SNAKE River
    1   22
    2350.0     541.3    2400.0     527.9    2450.0     511.5    2500.0     485.3
    2550.0     480.6    2600.0     477.7    2650.0     475.1    2700.0     472.2
    2750.0     469.1    2800.0     465.9    2850.0     462.7    2900.0     463.0
    2950.0     465.9    3000.0     471.5    3050.0     473.9    3100.0     475.8
    3150.0     477.7    3200.0     479.6    3250.0     482.1    3300.0     494.2
    3350.0     511.6    3400.0     542.9 /
21230   50    1   RM= 61.00, SNAKE River
    1   29
    2100.0     555.7    2150.0     545.5    2200.0     536.0    2250.0     531.9
    2300.0     526.7    2350.0     520.5    2400.0     515.1    2450.0     504.0
    2500.0     488.4    2550.0     481.8    2600.0     477.3    2650.0     475.6
    2700.0     476.3    2750.0     477.0    2800.0     477.1    2850.0     477.4
    2900.0     477.6    2950.0     477.7    3000.0     478.1    3050.0     478.6
    3100.0     478.6    3150.0     479.3    3200.0     480.3    3250.0     481.4
    3300.0     482.9    3350.0     484.6    3400.0     506.5    3450.0     529.2
    3500.0     553.4 /
21240   50    1   RM= 61.50, SNAKE River
    1   29
    2150.0     560.8    2200.0     552.9    2250.0     533.9    2300.0     505.3
    2350.0     489.1    2400.0     487.2    2450.0     484.2    2500.0     482.0
    2550.0     481.5    2600.0     483.0    2650.0     483.9    2700.0     484.4
    2750.0     482.4    2800.0     481.1    2850.0     482.1    2900.0     482.3
    2950.0     482.2    3000.0     483.2    3050.0     484.0    3100.0     484.8
    3150.0     485.6    3200.0     486.4    3250.0     487.3    3300.0     488.1
    3350.0     489.0    3400.0     490.0    3450.0     503.1    3500.0     527.2
    3550.0     561.4 /
21250   50    1   RM= 62.00, SNAKE River
    1   29
    2150.0     561.0    2200.0     553.5    2250.0     538.0    2300.0     524.3
    2350.0     502.2    2400.0     489.1    2450.0     486.2    2500.0     483.4
    2550.0     481.4    2600.0     479.5    2650.0     478.6    2700.0     479.8
    2750.0     480.3    2800.0     480.1    2850.0     481.4    2900.0     483.4
    2950.0     484.2    3000.0     487.6    3050.0     488.6    3100.0     488.3
    3150.0     487.2    3200.0     488.2    3250.0     492.9    3300.0     500.3
    3350.0     505.7    3400.0     509.4    3450.0     513.1    3500.0     521.6
    3550.0     551.1 /
21260   50    1   RM= 62.20, SNAKE River
    1   28
    2200.0     545.9    2250.0     524.3    2300.0     495.0    2350.0     489.1
    2400.0     486.7    2450.0     484.1    2500.0     482.6    2550.0     483.1
    2600.0     480.9    2650.0     482.7    2700.0     483.2    2750.0     483.7
    2800.0     486.1    2850.0     487.5    2900.0     489.5    2950.0     490.2
    3000.0     491.4    3050.0     492.9    3100.0     494.5    3150.0     495.0
    3200.0     495.0    3250.0     495.0    3300.0     495.6    3350.0     500.1
    3400.0     514.1    3450.0     515.1    3500.0     521.4    3550.0     557.0 /
21270   50    1   RM= 62.50, SNAKE River
    1   21
    2200.0     556.1    2250.0     527.8    2300.0     501.7    2350.0     491.4
    2400.0     488.1    2450.0     483.6    2500.0     481.4    2550.0     481.0
    2600.0     481.0    2650.0     481.9    2700.0     483.3    2750.0     482.9
    2800.0     482.8    2850.0     484.9    2900.0     485.3    2950.0     486.6
    3000.0     488.6    3050.0     491.5    3100.0     493.4    3150.0     501.4
    3200.0     524.0 /
21280   50    1   RM= 63.00, SNAKE River
    1   29
    2100.0     590.1    2150.0     567.4    2200.0     547.1    2250.0     527.0
    2300.0     497.1    2350.0     494.2    2400.0     493.4    2450.0     492.7
    2500.0     491.9    2550.0     491.1    2600.0     490.3    2650.0     489.6
    2700.0     489.8    2750.0     490.2    2800.0     490.2    2850.0     490.5
    2900.0     491.6    2950.0     492.0    3000.0     492.4    3050.0     492.7
    3100.0     493.1    3150.0     493.5    3200.0     493.9    3250.0     494.2
    3300.0     494.6    3350.0     496.1    3400.0     510.1    3450.0     528.6
    3500.0     552.6 /
21290   50    1   RM= 63.50, SNAKE River
    1   29
    2050.0     552.3    2100.0     529.0    2150.0     504.0    2200.0     497.3
    2250.0     494.7    2300.0     492.9    2350.0     491.4    2400.0     490.1
    2450.0     489.5    2500.0     487.9    2550.0     487.0    2600.0     486.2
    2650.0     485.1    2700.0     484.5    2750.0     485.5    2800.0     488.5
    2850.0     489.3    2900.0     491.2    2950.0     493.8    3000.0     496.1
    3050.0     498.1    3100.0     500.0    3150.0     501.9    3200.0     504.0
    3250.0     508.5    3300.0     512.1    3350.0     516.6    3400.0     525.6
    3450.0     537.4 /
21300   50    1   RM= 64.00, SNAKE River
    1   29
    2050.0     549.6    2100.0     534.4    2150.0     517.3    2200.0     510.2
    2250.0     506.7    2300.0     503.8    2350.0     501.2    2400.0     498.5
    2450.0     495.6    2500.0     493.3    2550.0     492.4    2600.0     491.8
    2650.0     489.0    2700.0     488.2    2750.0     487.8    2800.0     486.3
    2850.0     486.9    2900.0     487.2    2950.0     488.1    3000.0     489.9
    3050.0     491.8    3100.0     494.0    3150.0     496.0    3200.0     500.4
    3250.0     507.1    3300.0     522.3    3350.0     541.6    3400.0     554.2
    3450.0     571.3 /
21310   50    1   RM= 64.50, SNAKE River
    1   32
    1850.0     566.2    1900.0     554.4    1950.0     534.4    2000.0     531.5
    2050.0     537.2    2100.0     534.5    2150.0     534.5    2200.0     526.3
    2250.0     517.7    2300.0     512.1    2350.0     508.0    2400.0     501.7
    2450.0     498.1    2500.0     496.3    2550.0     495.4    2600.0     494.6
    2650.0     493.6    2700.0     491.6    2750.0     488.1    2800.0     484.6
    2850.0     483.7    2900.0     483.4    2950.0     483.8    3000.0     486.1
    3050.0     490.7    3100.0     491.7    3150.0     493.2    3200.0     494.3
    3250.0     497.8    3300.0     504.9    3350.0     525.5    3400.0     552.4 /
21320   50    1   RM= 65.00, SNAKE River
    1   27
    2100.0     569.7    2150.0     551.2    2200.0     528.2    2250.0     518.1
    2300.0     510.5    2350.0     504.5    2400.0     500.1    2450.0     498.2
    2500.0     496.6    2550.0     495.1    2600.0     494.1    2650.0     494.0
    2700.0     495.6    2750.0     493.9    2800.0     492.4    2850.0     486.8
    2900.0     485.6    2950.0     487.4    3000.0     489.4    3050.0     493.1
    3100.0     495.2    3150.0     497.1    3200.0     498.9    3250.0     502.4
    3300.0     511.9    3350.0     528.8    3400.0     553.9 /
21330   50    1   RM= 65.50, SNAKE River
    1   28
    2200.0     539.6    2250.0     519.0    2300.0     506.1    2350.0     504.8
    2400.0     504.6    2450.0     504.4    2500.0     504.2    2550.0     504.1
    2600.0     503.9    2650.0     503.7    2700.0     503.5    2750.0     503.3
    2800.0     503.1    2850.0     502.9    2900.0     502.7    2950.0     502.5
    3000.0     502.3    3050.0     502.1    3100.0     501.7    3150.0     497.7
    3200.0     493.4    3250.0     495.3    3300.0     497.9    3350.0     499.5
    3400.0     501.1    3450.0     503.0    3500.0     509.0    3550.0     543.7 /
21340   50    1   RM= 66.00, SNAKE River
    1   55
    1800.0     556.0    1850.0     534.4    1900.0     517.7    1950.0     512.7
    2000.0     510.9    2050.0     510.5    2100.0     510.2    2150.0     509.9
    2200.0     509.4    2250.0     509.1    2300.0     508.8    2350.0     508.8
    2400.0     508.8    2450.0     508.8    2500.0     508.8    2550.0     508.9
    2600.0     508.9    2650.0     508.8    2700.0     508.8    2750.0     508.9
    2800.0     508.8    2850.0     508.7    2900.0     508.7    2950.0     508.6
    3000.0     508.6    3050.0     508.5    3100.0     508.4    3150.0     508.2
    3200.0     504.0    3250.0     501.6    3300.0     497.5    3350.0     498.6
    3400.0     503.1    3450.0     507.5    3500.0     509.9    3550.0     513.0
    3600.0     518.3    3650.0     525.2    3700.0     529.0    3750.0     532.2
    3800.0     535.6    3850.0     539.8    3900.0     540.8    3950.0     542.5
    4000.0     544.1    4050.0     545.2    4100.0     548.1    4150.0     550.1
    4200.0     550.0    4250.0     554.3    4300.0     557.7    4350.0     561.5
    4400.0     563.9    4450.0     570.8    4500.0     588.8 /
21350   50    1   RM= 66.50, SNAKE River
    1   62
    1800.0     584.5    1850.0     581.2    1900.0     581.5    2000.0     555.7
    2050.0     531.9    2100.0     515.7    2150.0     514.1    2200.0     512.9
    2250.0     511.7    2300.0     511.3    2350.0     509.4    2400.0     507.2
    2450.0     509.0    2500.0     511.7    2550.0     511.2    2600.0     510.3
    2650.0     508.2    2700.0     505.7    2750.0     503.5    2800.0     502.1
    2850.0     502.2    2900.0     500.9    2950.0     503.1    3000.0     504.1
    3050.0     505.4    3100.0     506.0    3150.0     506.7    3200.0     507.4
    3250.0     507.8    3300.0     509.2    3350.0     510.0    3400.0     510.9
    3450.0     513.7    3500.0     519.1    3550.0     538.8    3600.0     551.2
    3650.0     553.4    3700.0     555.4    3750.0     556.8    3800.0     558.0
    3850.0     559.0    3900.0     559.8    3950.0     560.0    4000.0     561.3
    4050.0     565.8    4100.0     569.5    4150.0     572.4    4200.0     576.1
    4250.0     578.1    4300.0     571.6    4350.0     570.4    4400.0     571.9
    4450.0     574.1    4500.0     575.5    4550.0     575.6    4600.0     575.2
    4650.0     575.2    4700.0     576.1    4750.0     577.6    4800.0     581.4
    4850.0     584.2    4900.0     587.3 /
21360   50    1   RM= 67.00, SNAKE River
    1   51
    1400.0     579.2    1450.0     566.3    1500.0     561.1    1550.0     558.6
    1600.0     557.0    1650.0     555.4    1700.0     553.1    1750.0     550.4
    1800.0     548.9    1850.0     547.5    1900.0     545.4    1950.0     541.7
    2000.0     541.5    2050.0     542.7    2100.0     519.2    2150.0     512.7
    2200.0     509.7    2250.0     506.8    2300.0     504.4    2350.0     501.7
    2400.0     498.7    2450.0     497.2    2500.0     497.3    2550.0     494.9
    2600.0     493.8    2650.0     493.2    2700.0     494.2    2750.0     494.9
    2800.0     495.1    2850.0     496.4    2900.0     498.8    2950.0     502.5
    3000.0     506.2    3050.0     511.4    3100.0     513.0    3150.0     514.1
    3200.0     517.1    3250.0     524.1    3300.0     530.5    3350.0     537.2
    3400.0     549.5    3450.0     562.3    3500.0     562.7    3550.0     558.0
    3600.0     577.4    3650.0     580.0    3700.0     580.2    3750.0     581.8
    3800.0     583.5    3850.0     587.7    3900.0     592.4 /
21370   50    1   RM= 67.50, SNAKE River
    1   53
     700.0     583.5     750.0     578.5     800.0     573.7     850.0     569.8
     900.0     568.2     950.0     566.7    1000.0     565.1    1050.0     565.0
    1100.0     565.3    1150.0     565.9    1200.0     566.5    1250.0     566.7
    1300.0     566.9    1350.0     566.6    1400.0     565.8    1450.0     559.5
    1500.0     546.8    1550.0     539.9    1600.0     538.0    1650.0     536.5
    1700.0     535.1    1750.0     535.1    1800.0     540.6    1850.0     537.6
    1900.0     537.7    1950.0     539.0    2000.0     540.1    2050.0     541.5
    2100.0     541.1    2150.0     538.1    2200.0     531.4    2250.0     523.2
    2300.0     516.6    2350.0     511.4    2400.0     506.2    2450.0     501.7
    2500.0     500.1    2550.0     498.6    2600.0     495.9    2650.0     496.2
    2700.0     496.2    2750.0     495.8    2800.0     494.5    2850.0     493.6
    2900.0     492.2    2950.0     490.6    3000.0     491.9    3050.0     495.0
    3100.0     503.6    3150.0     509.4    3200.0     513.2    3250.0     523.7
    3300.0     551.9 /
21380   50    1   RM= 68.00, SNAKE River
    1   63
     350.0     588.6     400.0     581.6     450.0     580.0     500.0     580.0
     550.0     580.0     600.0     580.0     650.0     580.0     700.0     580.0
     750.0     580.0     800.0     580.0     850.0     580.0     900.0     578.3
     950.0     574.9    1000.0     574.8    1050.0     575.0    1100.0     575.0
    1150.0     574.2    1200.0     571.4    1250.0     570.1    1300.0     573.1
    1350.0     575.0    1400.0     574.6    1450.0     570.3    1500.0     563.4
    1550.0     559.7    1600.0     559.0    1650.0     558.3    1700.0     557.7
    1750.0     557.1    1800.0     556.5    1850.0     555.9    1900.0     555.1
    1950.0     553.9    2000.0     552.7    2050.0     551.5    2100.0     550.3
    2150.0     547.3    2200.0     544.0    2250.0     534.4    2300.0     522.6
    2350.0     512.2    2400.0     506.0    2450.0     500.9    2500.0     497.1
    2550.0     496.7    2600.0     497.2    2650.0     498.1    2700.0     497.9
    2750.0     497.7    2800.0     500.2    2850.0     506.7    2900.0     513.3
    2950.0     515.0    3000.0     515.0    3050.0     515.0    3100.0     514.3
    3150.0     513.2    3200.0     511.9    3250.0     511.3    3300.0     513.0
    3350.0     516.2    3400.0     522.7    3450.0     545.1 /
21390   50    1   RM= 68.50, SNAKE River
    1   59
     650.0     588.8     700.0     587.5     750.0     586.2     800.0     585.0
     850.0     584.3     900.0     583.8     950.0     583.2    1000.0     582.8
    1050.0     582.3    1100.0     581.9    1150.0     581.5    1200.0     581.0
    1250.0     580.6    1300.0     580.2    1350.0     580.0    1400.0     580.0
    1450.0     580.0    1500.0     580.0    1550.0     579.8    1600.0     579.0
    1650.0     578.2    1700.0     577.4    1750.0     576.6    1800.0     575.9
    1850.0     575.0    1900.0     570.3    1950.0     553.5    2000.0     537.4
    2050.0     524.2    2100.0     515.2    2150.0     511.6    2200.0     509.0
    2250.0     505.7    2300.0     504.1    2350.0     503.3    2400.0     503.4
    2450.0     504.7    2500.0     508.2    2550.0     511.6    2600.0     515.0
    2650.0     517.5    2700.0     520.0    2750.0     522.2    2800.0     524.3
    2850.0     524.5    2900.0     523.0    2950.0     521.3    3000.0     519.5
    3050.0     517.6    3100.0     515.6    3150.0     514.6    3200.0     514.8
    3250.0     514.7    3300.0     514.2    3350.0     514.3    3400.0     514.7
    3450.0     515.1    3500.0     521.9    3550.0     560.5 /
21400   50    1   RM= 69.00, SNAKE River
    1   67
     450.0     598.5     500.0     594.8     550.0     592.5     600.0     590.3
     650.0     590.0     700.0     590.0     750.0     590.0     800.0     590.0
     850.0     590.0     900.0     590.0     950.0     590.0    1000.0     590.0
    1050.0     590.0    1100.0     590.0    1150.0     590.0    1200.0     590.0
    1250.0     590.0    1300.0     590.0    1350.0     590.0    1400.0     590.0
    1450.0     590.0    1500.0     590.0    1550.0     590.0    1600.0     590.0
    1650.0     590.0    1700.0     590.3    1750.0     591.3    1800.0     592.2
    1850.0     593.2    1900.0     594.1    1950.0     595.0    2000.0     587.7
    2050.0     555.3    2100.0     534.6    2150.0     518.9    2200.0     513.6
    2250.0     511.1    2300.0     507.6    2350.0     508.6    2400.0     509.5
    2450.0     511.6    2500.0     513.9    2550.0     514.4    2600.0     514.2
    2650.0     514.2    2700.0     513.9    2750.0     513.8    2800.0     514.0
    2850.0     514.0    2900.0     513.2    2950.0     512.7    3000.0     512.4
    3050.0     512.0    3100.0     511.1    3150.0     511.8    3200.0     513.6
    3250.0     515.4    3300.0     516.9    3350.0     518.6    3400.0     521.6
    3450.0     529.8    3500.0     545.6    3550.0     558.6    3600.0     564.8
    3650.0     567.9    3750.0     597.6    3800.0     600.0 /
21410   50    1   RM= 69.25, SNAKE River
    1   60
     850.0     599.5     900.0     598.5     950.0     597.1    1000.0     596.4
    1050.0     595.7    1100.0     595.1    1150.0     594.5    1200.0     593.7
    1250.0     592.9    1300.0     592.2    1350.0     591.6    1400.0     591.1
    1450.0     590.9    1500.0     591.3    1550.0     591.8    1600.0     592.3
    1650.0     592.9    1700.0     593.5    1750.0     594.1    1800.0     594.8
    1850.0     595.0    1900.0     595.0    1950.0     595.0    2000.0     595.0
    2050.0     595.0    2100.0     568.1    2150.0     540.4    2200.0     521.9
    2250.0     517.2    2300.0     513.8    2350.0     510.3    2400.0     508.8
    2450.0     507.9    2500.0     508.5    2550.0     507.4    2600.0     508.2
    2650.0     509.7    2700.0     510.1    2750.0     509.8    2800.0     509.7
    2850.0     509.8    2900.0     509.8    2950.0     510.0    3000.0     510.2
    3050.0     510.6    3100.0     511.8    3150.0     514.9    3200.0     517.7
    3250.0     516.0    3300.0     517.2    3350.0     519.4    3400.0     521.5
    3450.0     523.4    3500.0     526.7    3550.0     545.1    3600.0     552.8
    3650.0     556.1    3700.0     560.0    3750.0     565.7    3800.0     575.6 /
21420   50    1   RM= 69.75, SNAKE River
    1   60
    1350.0     688.9    1400.0     677.0    1450.0     665.5    1500.0     653.8
    1550.0     642.2    1600.0     630.6    1650.0     619.0    1700.0     607.4
    1750.0     590.6    1800.0     562.1    1850.0     538.8    1900.0     518.9
    1950.0     515.3    2000.0     512.3    2050.0     509.8    2100.0     506.7
    2150.0     499.8    2200.0     497.3    2250.0     496.1    2300.0     497.5
    2350.0     499.6    2400.0     501.7    2450.0     503.4    2500.0     505.3
    2550.0     506.9    2600.0     508.8    2650.0     511.4    2700.0     513.3
    2750.0     515.0    2800.0     516.5    2850.0     517.9    2900.0     519.4
    2950.0     522.6    3000.0     525.7    3050.0     526.9    3100.0     528.2
    3150.0     529.4    3200.0     533.2    3250.0     544.4    3300.0     547.5
    3350.0     549.8    3400.0     553.0    3450.0     556.5    3500.0     559.8
    3550.0     561.9    3600.0     563.7    3650.0     565.1    3700.0     565.6
    3750.0     566.1    3800.0     566.6    3850.0     567.1    3900.0     567.6
    3950.0     568.2    4000.0     568.7    4050.0     569.3    4100.0     569.9
    4150.0     572.5    4200.0     581.6    4250.0     603.9    4300.0     646.8 /
21430   50    1   RM= 70.00, SNAKE River
    1   63
    1150.0     671.3    1200.0     652.9    1250.0     638.1    1300.0     625.3
    1350.0     607.8    1400.0     598.3    1450.0     568.1    1500.0     551.0
    1550.0     534.3    1600.0     524.2    1650.0     518.0    1700.0     515.3
    1750.0     515.8    1800.0     515.6    1850.0     514.9    1900.0     511.2
    1950.0     509.2    2000.0     508.0    2050.0     502.7    2100.0     499.0
    2150.0     496.8    2200.0     495.8    2250.0     497.2    2300.0     499.1
    2350.0     502.0    2400.0     507.2    2450.0     510.2    2500.0     515.3
    2550.0     515.7    2600.0     519.2    2650.0     524.2    2700.0     529.4
    2750.0     531.2    2800.0     532.4    2850.0     533.5    2900.0     535.3
    2950.0     550.3    3000.0     551.6    3050.0     552.8    3100.0     553.9
    3150.0     555.1    3200.0     556.4    3250.0     557.7    3300.0     558.9
    3350.0     560.2    3400.0     561.3    3450.0     562.5    3500.0     563.5
    3550.0     564.6    3600.0     565.4    3650.0     566.2    3700.0     567.0
    3750.0     567.8    3800.0     568.6    3850.0     569.5    3900.0     570.4
    3950.0     571.6    4000.0     572.9    4050.0     574.1    4100.0     581.7
    4150.0     604.8    4200.0     649.2    4250.0     692.6 /
21440   50    1   RM= 70.50, SNAKE River
    1   53
    1350.0     657.9    1400.0     610.3    1450.0     600.5    1500.0     600.0
    1550.0     567.0    1600.0     535.6    1650.0     524.4    1700.0     523.3
    1750.0     522.2    1800.0     521.2    1850.0     520.3    1900.0     520.0
    1950.0     520.0    2000.0     520.0    2050.0     520.0    2100.0     520.0
    2150.0     520.0    2200.0     520.0    2250.0     520.0    2300.0     520.0
    2350.0     518.2    2400.0     516.0    2450.0     513.9    2500.0     511.4
    2550.0     508.9    2600.0     508.0    2650.0     507.4    2700.0     507.1
    2750.0     507.8    2800.0     511.9    2850.0     515.7    2900.0     519.5
    2950.0     542.0    3000.0     571.3    3050.0     581.3    3100.0     583.7
    3150.0     585.4    3200.0     585.5    3250.0     585.5    3300.0     585.4
    3350.0     585.4    3400.0     585.4    3450.0     585.4    3500.0     585.4
    3550.0     585.1    3600.0     583.2    3650.0     580.9    3700.0     580.0
    3750.0     580.6    3800.0     582.7    3850.0     589.0    3900.0     620.4
    3950.0     680.6 /
21450   50    1   RM= 71.00, SNAKE River
    1   38
    1450.0     681.5    1500.0     655.9    1550.0     627.4    1600.0     600.7
    1650.0     572.1    1700.0     563.2    1750.0     558.2    1800.0     550.1
    1850.0     538.6    1900.0     534.8    1950.0     526.2    2000.0     520.2
    2050.0     518.9    2100.0     518.4    2150.0     517.6    2200.0     517.2
    2250.0     517.2    2300.0     517.7    2350.0     518.0    2400.0     518.0
    2450.0     518.2    2500.0     518.2    2550.0     517.4    2600.0     517.2
    2650.0     516.8    2700.0     515.8    2750.0     515.2    2800.0     514.2
    2850.0     512.9    2900.0     515.1    2950.0     513.6    3000.0     514.4
    3050.0     515.9    3100.0     518.2    3150.0     529.6    3200.0     567.7
    3250.0     596.5    3300.0     665.0 /
21460   50    1   RM= 71.50, SNAKE River
    1   46
    1550.0     681.2    1600.0     658.0    1650.0     634.9    1700.0     610.8
    1750.0     600.0    1800.0     600.0    1850.0     597.7    1900.0     549.3
    1950.0     535.3    2000.0     525.5    2050.0     523.4    2100.0     521.8
    2150.0     520.0    2200.0     518.3    2250.0     517.5    2300.0     518.0
    2350.0     516.6    2400.0     515.6    2450.0     515.5    2500.0     515.8
    2550.0     516.3    2600.0     517.1    2650.0     518.2    2700.0     519.0
    2750.0     519.6    2800.0     520.3    2850.0     520.8    2900.0     519.8
    2950.0     517.5    3000.0     517.0    3050.0     517.8    3100.0     519.1
    3150.0     520.3    3200.0     521.6    3250.0     522.9    3300.0     524.2
    3350.0     533.6    3400.0     552.3    3450.0     569.2    3500.0     596.8
    3550.0     600.0    3600.0     600.0    3650.0     600.0    3700.0     600.0
    3750.0     605.7    3800.0     635.7 /
21470   50    1   RM= 72.00, SNAKE River
    1   44
    1600.0     669.7    1650.0     630.5    1700.0     583.0    1750.0     539.6
    1800.0     529.9    1850.0     528.3    1900.0     526.9    1950.0     525.6
    2000.0     524.2    2050.0     522.3    2100.0     522.3    2150.0     519.7
    2200.0     521.1    2250.0     521.8    2300.0     522.0    2350.0     522.6
    2400.0     522.8    2450.0     523.0    2500.0     524.7    2550.0     526.1
    2600.0     527.1    2650.0     528.2    2700.0     529.4    2750.0     530.5
    2800.0     531.6    2850.0     532.7    2900.0     533.7    2950.0     534.7
    3000.0     535.0    3050.0     535.0    3100.0     535.0    3150.0     535.0
    3200.0     533.4    3250.0     529.9    3300.0     529.0    3350.0     528.3
    3400.0     528.3    3450.0     529.0    3500.0     530.3    3550.0     545.6
    3600.0     569.6    3650.0     596.1    3700.0     638.3    3750.0     679.9 /
21480   50    1   RM= 72.50, SNAKE River
    1   69
     800.0     693.1     850.0     680.9     900.0     674.5     950.0     667.2
    1000.0     660.0    1050.0     651.4    1100.0     641.8    1150.0     632.3
    1200.0     622.8    1250.0     613.3    1300.0     603.7    1350.0     583.2
    1400.0     572.2    1450.0     565.4    1500.0     558.6    1550.0     554.4
    1600.0     549.7    1650.0     545.7    1700.0     535.0    1750.0     529.0
    1800.0     526.0    1850.0     523.6    1900.0     521.1    1950.0     520.9
    2000.0     521.3    2050.0     521.4    2100.0     521.6    2150.0     521.5
    2200.0     521.2    2250.0     521.1    2300.0     521.2    2350.0     521.4
    2400.0     521.7    2450.0     521.8    2500.0     522.0    2550.0     521.9
    2600.0     521.6    2650.0     521.8    2700.0     522.0    2750.0     522.2
    2800.0     522.3    2850.0     524.0    2900.0     524.7    2950.0     525.6
    3000.0     527.4    3050.0     529.3    3100.0     533.8    3150.0     538.6
    3200.0     543.2    3250.0     545.7    3300.0     547.0    3350.0     547.9
    3400.0     548.7    3450.0     549.5    3500.0     550.8    3550.0     552.1
    3600.0     552.9    3650.0     553.9    3700.0     554.7    3750.0     557.1
    3800.0     560.4    3850.0     563.5    3900.0     566.4    3950.0     569.1
    4000.0     572.0    4050.0     575.1    4100.0     580.9    4150.0     601.5
    4200.0     641.4 /
21490   50    1   RM= 73.00, SNAKE River
    1   60
    1050.0     692.0    1100.0     674.4    1150.0     656.7    1200.0     639.1
    1250.0     621.6    1300.0     607.5    1350.0     580.3    1400.0     556.4
    1450.0     542.4    1500.0     530.3    1550.0     528.4    1600.0     527.7
    1650.0     527.2    1700.0     525.4    1750.0     522.7    1800.0     522.3
    1850.0     521.9    1900.0     520.6    1950.0     520.5    2000.0     518.8
    2050.0     517.9    2100.0     517.4    2150.0     516.3    2200.0     515.3
    2250.0     514.5    2300.0     514.3    2350.0     514.6    2400.0     515.5
    2450.0     517.1    2500.0     520.7    2550.0     524.5    2600.0     529.5
    2650.0     541.6    2700.0     554.1    2750.0     556.4    2800.0     557.6
    2850.0     558.7    2900.0     559.7    2950.0     560.0    3000.0     560.0
    3050.0     560.0    3100.0     560.2    3150.0     560.7    3200.0     561.4
    3250.0     562.0    3300.0     563.1    3350.0     565.1    3400.0     566.6
    3450.0     568.2    3500.0     569.9    3550.0     571.4    3600.0     572.9
    3650.0     574.2    3700.0     578.0    3750.0     586.0    3800.0     593.5
    3850.0     597.3    3900.0     604.1    3950.0     646.2    4000.0     687.0 /
21500   50    1   RM= 73.50, SNAKE River
    1   54
    1150.0     677.9    1200.0     642.5    1250.0     596.1    1300.0     569.4
    1350.0     557.3    1400.0     543.4    1450.0     537.7    1500.0     531.4
    1550.0     527.8    1600.0     525.0    1650.0     522.1    1700.0     514.3
    1750.0     508.2    1800.0     505.3    1850.0     507.1    1900.0     509.7
    1950.0     510.9    2000.0     511.9    2050.0     513.1    2100.0     514.9
    2150.0     515.6    2200.0     519.2    2250.0     523.0    2300.0     526.8
    2350.0     531.2    2400.0     534.4    2450.0     543.7    2500.0     551.4
    2550.0     551.4    2600.0     554.5    2650.0     557.6    2700.0     560.2
    2750.0     561.6    2800.0     563.2    2850.0     566.0    2900.0     574.4
    2950.0     585.1    3000.0     600.6    3050.0     610.3    3100.0     611.5
    3150.0     612.6    3200.0     613.8    3250.0     614.9    3300.0     616.1
    3350.0     617.2    3400.0     618.4    3450.0     619.6    3500.0     620.8
    3550.0     621.9    3600.0     622.9    3650.0     623.5    3700.0     627.9
    3750.0     648.4    3800.0     674.9 /
21510   50    1   RM= 74.00, SNAKE River
    1   45
     900.0     610.8     950.0     610.0    1000.0     610.0    1050.0     610.0
    1100.0     604.8    1150.0     582.0    1200.0     565.9    1250.0     559.8
    1300.0     550.5    1350.0     542.5    1400.0     530.6    1450.0     526.7
    1500.0     522.3    1550.0     517.6    1600.0     515.1    1650.0     514.0
    1700.0     512.0    1750.0     512.7    1800.0     513.8    1850.0     515.2
    1900.0     516.6    1950.0     517.2    2000.0     517.2    2050.0     517.5
    2100.0     519.1    2150.0     522.0    2200.0     523.2    2250.0     524.8
    2300.0     527.2    2350.0     529.7    2400.0     535.1    2450.0     540.2
    2500.0     543.3    2550.0     550.0    2600.0     559.2    2650.0     567.7
    2700.0     575.7    2750.0     586.5    2800.0     595.7    2850.0     601.6
    2900.0     608.5    2950.0     632.8    3000.0     653.1    3050.0     673.5
    3100.0     693.2 /
21520   50    1   RM= 74.50, SNAKE River
    1   66
     950.0     698.2    1000.0     672.4    1050.0     637.9    1100.0     606.5
    1150.0     578.8    1200.0     561.9    1250.0     553.8    1300.0     548.7
    1350.0     540.2    1400.0     543.1    1450.0     545.1    1500.0     545.1
    1550.0     545.1    1600.0     545.2    1650.0     545.3    1700.0     544.6
    1750.0     541.7    1800.0     540.0    1850.0     542.9    1900.0     544.8
    1950.0     542.9    2000.0     540.7    2050.0     539.6    2100.0     539.0
    2150.0     538.5    2200.0     537.9    2250.0     537.3    2300.0     536.8
    2350.0     536.2    2400.0     535.7    2450.0     535.0    2500.0     533.4
    2550.0     531.5    2600.0     529.3    2650.0     526.5    2700.0     523.0
    2750.0     518.8    2800.0     517.1    2850.0     517.2    2900.0     517.3
    2950.0     518.4    3000.0     520.3    3050.0     521.9    3100.0     523.5
    3150.0     525.6    3200.0     527.9    3250.0     529.3    3300.0     529.6
    3350.0     529.9    3400.0     530.0    3450.0     533.7    3500.0     540.3
    3550.0     545.3    3600.0     557.0    3650.0     569.4    3700.0     580.7
    3750.0     583.9    3800.0     586.5    3850.0     589.5    3900.0     594.5
    3950.0     596.7    4000.0     597.9    4050.0     598.9    4100.0     600.5
    4150.0     604.9    4200.0     645.1 /
21530   50    1   RM= 75.00, SNAKE River
    1   57
    1300.0     677.8    1350.0     642.2    1400.0     609.5    1450.0     587.5
    1500.0     577.8    1550.0     569.8    1600.0     564.3    1650.0     562.7
    1700.0     561.2    1750.0     558.7    1800.0     550.4    1850.0     544.6
    1900.0     544.0    1950.0     543.4    2000.0     542.7    2050.0     542.1
    2100.0     541.4    2150.0     540.7    2200.0     540.1    2250.0     539.2
    2300.0     537.8    2350.0     536.8    2400.0     535.8    2450.0     535.0
    2500.0     535.0    2550.0     536.9    2600.0     538.7    2650.0     538.9
    2700.0     538.4    2750.0     537.7    2800.0     536.4    2850.0     535.2
    2900.0     534.1    2950.0     533.0    3000.0     532.0    3050.0     530.9
    3100.0     529.8    3150.0     528.6    3200.0     527.2    3250.0     526.1
    3300.0     524.9    3350.0     524.4    3400.0     522.4    3450.0     521.5
    3500.0     523.5    3550.0     528.0    3600.0     534.2    3650.0     551.3
    3700.0     562.3    3750.0     565.3    3800.0     566.2    3850.0     567.2
    3900.0     568.1    3950.0     569.1    4000.0     572.5    4050.0     591.5
    4100.0     636.0 /
21540   50    1   RM= 75.50, SNAKE River
    1   59
    1800.0     609.9    1850.0     595.6    1900.0     589.4    1950.0     577.1
    2000.0     565.1    2050.0     552.3    2100.0     537.4    2150.0     531.3
    2200.0     527.4    2250.0     525.3    2300.0     524.5    2350.0     524.4
    2400.0     524.0    2450.0     524.9    2500.0     525.6    2550.0     525.4
    2600.0     525.2    2650.0     527.3    2700.0     530.2    2750.0     531.7
    2800.0     531.6    2850.0     531.6    2900.0     531.6    2950.0     531.6
    3000.0     531.6    3050.0     531.6    3100.0     531.9    3150.0     532.0
    3200.0     532.1    3250.0     532.1    3300.0     532.3    3350.0     532.3
    3400.0     531.7    3450.0     530.5    3500.0     529.0    3550.0     527.5
    3600.0     526.1    3650.0     529.9    3700.0     534.8    3750.0     535.3
    3800.0     534.4    3850.0     533.6    3900.0     532.7    3950.0     531.8
    4000.0     531.0    4050.0     533.2    4100.0     541.6    4150.0     559.0
    4200.0     585.8    4250.0     590.5    4300.0     580.7    4350.0     575.5
    4400.0     573.5    4450.0     575.3    4500.0     578.1    4550.0     584.4
    4600.0     595.0    4650.0     618.0    4700.0     661.6 /
21550   50    1   RM= 76.00, SNAKE River
    1   60
    2000.0     677.3    2050.0     618.0    2100.0     587.4    2150.0     563.6
    2200.0     541.5    2250.0     534.0    2300.0     531.1    2350.0     528.9
    2400.0     528.5    2450.0     530.9    2500.0     534.1    2550.0     536.0
    2600.0     537.3    2650.0     538.6    2700.0     539.9    2750.0     543.1
    2800.0     545.0    2850.0     545.0    2900.0     545.0    2950.0     545.0
    3000.0     545.0    3050.0     545.0    3100.0     545.0    3150.0     545.0
    3200.0     545.0    3250.0     545.0    3300.0     545.0    3350.0     543.3
    3400.0     538.2    3450.0     534.3    3500.0     534.7    3550.0     534.8
    3600.0     534.9    3650.0     536.7    3700.0     541.1    3750.0     545.0
    3800.0     545.0    3850.0     545.0    3900.0     545.0    3950.0     545.0
    4000.0     543.4    4050.0     541.2    4100.0     537.7    4150.0     535.4
    4200.0     536.4    4250.0     536.8    4300.0     535.6    4350.0     535.1
    4400.0     536.5    4450.0     540.3    4500.0     551.9    4550.0     570.4
    4600.0     572.1    4650.0     574.2    4700.0     580.2    4750.0     583.6
    4800.0     585.9    4850.0     587.5    4900.0     609.5    4950.0     642.4 /
21560   50    1   RM= 76.50, SNAKE River
    1   46
    1750.0     649.4    1800.0     626.6    1850.0     610.4    1900.0     591.6
    1950.0     572.3    2000.0     562.8    2050.0     560.0    2100.0     560.0
    2150.0     560.5    2200.0     559.5    2250.0     560.0    2300.0     560.0
    2350.0     560.3    2400.0     564.5    2450.0     565.0    2500.0     561.3
    2550.0     557.9    2600.0     556.9    2650.0     555.8    2700.0     553.5
    2750.0     546.0    2800.0     539.0    2850.0     535.6    2900.0     532.7
    2950.0     532.8    3000.0     532.7    3050.0     533.0    3100.0     532.2
    3150.0     531.7    3200.0     530.8    3250.0     529.4    3300.0     527.7
    3350.0     525.7    3400.0     523.1    3450.0     520.6    3500.0     517.8
    3550.0     516.6    3600.0     522.3    3650.0     528.7    3700.0     534.5
    3750.0     543.4    3800.0     559.2    3850.0     583.7    3900.0     605.1
    3950.0     654.7    4000.0     698.4 /
21570   50    1   RM= 77.00, SNAKE River
    1   57
    1450.0     686.6    1500.0     663.4    1550.0     640.5    1600.0     622.7
    1650.0     618.3    1700.0     612.9    1750.0     595.1    1800.0     576.6
    1850.0     568.6    1900.0     565.6    1950.0     566.1    2000.0     567.3
    2050.0     568.1    2100.0     565.1    2150.0     565.0    2200.0     565.0
    2250.0     565.0    2300.0     564.5    2350.0     563.3    2400.0     562.9
    2450.0     562.8    2500.0     563.2    2550.0     563.9    2600.0     564.7
    2650.0     565.1    2700.0     565.0    2750.0     565.0    2800.0     565.0
    2850.0     565.0    2900.0     564.4    2950.0     563.5    3000.0     562.5
    3050.0     561.5    3100.0     560.6    3150.0     557.4    3200.0     551.6
    3250.0     546.2    3300.0     541.2    3350.0     537.8    3400.0     534.8
    3450.0     531.9    3500.0     530.3    3550.0     528.9    3600.0     525.7
    3650.0     522.7    3700.0     520.4    3750.0     519.2    3800.0     518.0
    3850.0     517.5    3900.0     520.9    3950.0     524.5    4000.0     526.0
    4050.0     529.8    4100.0     535.1    4150.0     539.4    4200.0     552.4
    4250.0     585.5 /
21580   50    1   RM= 77.50, SNAKE River
    1   59
    1550.0     689.3    1600.0     667.8    1650.0     633.7    1700.0     599.5
    1750.0     578.6    1800.0     585.4    1850.0     588.6    1900.0     584.2
    1950.0     577.6    2000.0     575.4    2050.0     574.0    2100.0     571.2
    2150.0     569.2    2200.0     567.9    2250.0     566.7    2300.0     565.4
    2350.0     563.6    2400.0     561.6    2450.0     559.7    2500.0     558.1
    2550.0     556.8    2600.0     555.7    2650.0     553.9    2700.0     549.8
    2750.0     544.9    2800.0     540.5    2850.0     538.5    2900.0     537.0
    2950.0     535.1    3000.0     533.5    3050.0     532.7    3100.0     532.7
    3150.0     533.0    3200.0     533.3    3250.0     532.8    3300.0     532.4
    3350.0     532.2    3400.0     532.0    3450.0     532.0    3500.0     531.6
    3550.0     531.3    3600.0     531.1    3650.0     530.6    3700.0     530.3
    3750.0     531.2    3800.0     533.6    3850.0     534.5    3900.0     535.9
    3950.0     537.1    4000.0     538.2    4050.0     539.9    4100.0     543.9
    4150.0     549.0    4200.0     552.2    4250.0     555.2    4300.0     565.1
    4350.0     583.8    4400.0     607.5    4450.0     688.8 /
21590   50    1   RM= 78.00, SNAKE River
    1   74
     950.0     664.3    1000.0     627.4    1050.0     587.9    1100.0     570.8
    1150.0     561.4    1200.0     554.2    1250.0     545.7    1300.0     542.4
    1350.0     540.0    1400.0     538.5    1450.0     537.2    1500.0     535.8
    1550.0     533.7    1600.0     531.5    1650.0     530.7    1700.0     530.7
    1750.0     530.7    1800.0     530.6    1850.0     530.6    1900.0     530.5
    1950.0     530.9    2000.0     531.9    2050.0     532.5    2100.0     533.3
    2150.0     534.4    2200.0     535.9    2250.0     537.6    2300.0     539.5
    2350.0     543.2    2400.0     547.6    2450.0     551.6    2500.0     555.4
    2550.0     567.5    2600.0     581.8    2650.0     586.2    2700.0     586.9
    2750.0     586.3    2800.0     584.5    2850.0     582.1    2900.0     579.8
    2950.0     577.8    3000.0     575.8    3050.0     572.8    3100.0     567.0
    3150.0     561.1    3200.0     564.0    3250.0     567.5    3300.0     570.3
    3350.0     572.8    3400.0     565.0    3450.0     560.0    3500.0     561.6
    3550.0     562.5    3600.0     561.7    3650.0     564.3    3700.0     571.3
    3750.0     579.2    3800.0     580.7    3850.0     583.4    3900.0     585.5
    3950.0     587.7    4000.0     589.3    4050.0     590.7    4100.0     592.2
    4150.0     593.9    4200.0     595.7    4250.0     597.4    4300.0     599.1
    4350.0     600.9    4400.0     602.6    4450.0     604.3    4500.0     607.0
    4550.0     614.6    4600.0     667.7 /
21600   50    1   RM= 78.50, SNAKE River
    1   66
     600.0     661.8     650.0     616.6     700.0     585.2     750.0     571.9
     800.0     559.3     850.0     547.7     900.0     539.1     950.0     535.7
    1000.0     531.9    1050.0     527.4    1100.0     525.0    1150.0     526.8
    1200.0     528.1    1250.0     530.0    1300.0     531.2    1350.0     532.4
    1400.0     533.2    1450.0     535.4    1500.0     536.5    1550.0     537.3
    1600.0     538.0    1650.0     538.6    1700.0     539.3    1750.0     540.2
    1800.0     542.4    1850.0     544.9    1900.0     550.8    1950.0     560.6
    2000.0     572.2    2050.0     595.4    2100.0     624.5    2150.0     640.0
    2200.0     640.0    2250.0     640.0    2300.0     640.0    2350.0     640.0
    2400.0     640.0    2450.0     640.0    2500.0     640.0    2550.0     640.0
    2600.0     640.0    2650.0     640.0    2700.0     640.0    2750.0     639.8
    2800.0     638.0    2850.0     635.6    2900.0     633.3    2950.0     631.1
    3000.0     629.1    3050.0     627.4    3100.0     625.6    3150.0     624.2
    3200.0     623.0    3250.0     621.7    3300.0     620.5    3350.0     619.5
    3400.0     618.8    3450.0     618.0    3500.0     617.2    3550.0     616.4
    3600.0     614.6    3650.0     607.4    3700.0     614.1    3750.0     650.9
    3800.0     677.1    3850.0     688.1 /
21610   50    1   RM= 79.00, SNAKE River
    1   61
     700.0     608.9     750.0     582.3     800.0     563.5     850.0     548.1
     900.0     542.1     950.0     538.9    1000.0     535.6    1050.0     532.8
    1100.0     531.3    1150.0     530.0    1200.0     529.7    1250.0     530.5
    1300.0     530.8    1350.0     531.6    1400.0     532.9    1450.0     534.2
    1500.0     535.5    1550.0     536.5    1600.0     537.1    1650.0     537.9
    1700.0     538.8    1750.0     539.8    1800.0     542.1    1850.0     544.7
    1900.0     548.9    1950.0     554.0    2000.0     560.3    2050.0     567.8
    2100.0     577.5    2150.0     586.3    2200.0     593.0    2250.0     603.1
    2300.0     611.7    2350.0     615.0    2400.0     616.7    2450.0     617.7
    2500.0     618.0    2550.0     617.7    2600.0     617.0    2650.0     615.6
    2700.0     614.3    2750.0     613.1    2800.0     611.9    2850.0     610.5
    2900.0     609.3    2950.0     608.4    3000.0     607.7    3050.0     607.4
    3100.0     606.9    3150.0     606.3    3200.0     605.6    3250.0     604.9
    3300.0     604.4    3350.0     604.0    3400.0     603.5    3450.0     603.0
    3500.0     602.6    3550.0     609.2    3600.0     631.5    3650.0     653.9
    3700.0     676.1 /
21620   50    1   RM= 79.50, SNAKE River
    1   70
     800.0     689.2     850.0     667.6     900.0     641.5     950.0     608.3
    1000.0     584.1    1050.0     565.3    1100.0     545.9    1150.0     543.1
    1200.0     541.6    1250.0     540.6    1300.0     539.9    1350.0     536.0
    1400.0     532.8    1450.0     530.6    1500.0     531.6    1550.0     532.3
    1600.0     533.1    1650.0     532.8    1700.0     532.1    1750.0     531.7
    1800.0     531.9    1850.0     533.5    1900.0     537.0    1950.0     540.1
    2000.0     543.2    2050.0     548.0    2100.0     554.3    2150.0     561.1
    2200.0     568.5    2250.0     576.2    2300.0     580.5    2350.0     584.1
    2400.0     591.5    2450.0     602.8    2500.0     605.7    2550.0     606.8
    2600.0     608.0    2650.0     609.2    2700.0     610.0    2750.0     610.0
    2800.0     610.0    2850.0     609.9    2900.0     609.3    2950.0     608.6
    3000.0     608.0    3050.0     608.0    3100.0     607.8    3150.0     607.6
    3200.0     607.3    3250.0     606.8    3300.0     606.3    3350.0     606.1
    3400.0     605.8    3450.0     605.1    3500.0     605.0    3550.0     605.0
    3600.0     605.0    3650.0     605.0    3700.0     605.0    3750.0     605.0
    3800.0     605.0    3850.0     605.0    3900.0     605.0    3950.0     605.0
    4000.0     605.0    4050.0     608.0    4100.0     636.6    4150.0     662.6
    4200.0     679.6    4250.0     692.1 /
21630   50    1   RM= 80.00, SNAKE River
    1   70
    1050.0     688.3    1100.0     669.3    1150.0     650.2    1200.0     633.5
    1250.0     617.9    1300.0     589.5    1350.0     571.5    1400.0     552.5
    1450.0     544.4    1500.0     542.3    1550.0     540.5    1600.0     538.5
    1650.0     538.2    1700.0     540.0    1750.0     541.0    1800.0     541.6
    1850.0     541.9    1900.0     541.4    1950.0     541.1    2000.0     541.0
    2050.0     541.2    2100.0     541.7    2150.0     542.0    2200.0     542.3
    2250.0     542.6    2300.0     542.8    2350.0     542.8    2400.0     543.0
    2450.0     543.2    2500.0     543.3    2550.0     543.1    2600.0     543.6
    2650.0     544.1    2700.0     544.6    2750.0     550.0    2800.0     561.5
    2850.0     587.7    2900.0     601.3    2950.0     602.5    3000.0     603.2
    3050.0     603.8    3100.0     604.3    3150.0     604.8    3200.0     605.0
    3250.0     605.0    3300.0     605.0    3350.0     605.0    3400.0     606.3
    3450.0     608.7    3500.0     610.4    3550.0     611.3    3600.0     612.2
    3650.0     613.2    3700.0     614.1    3750.0     614.9    3800.0     615.0
    3850.0     615.0    3900.0     615.0    3950.0     615.0    4000.0     615.0
    4050.0     615.0    4100.0     615.0    4150.0     615.0    4200.0     615.0
    4250.0     615.0    4300.0     615.0    4350.0     615.5    4400.0     617.5
    4450.0     620.2    4500.0     633.5 /
21640   50    1   RM= 80.50, SNAKE River
    1   43
    1750.0     678.9    1800.0     659.8    1850.0     644.1    1900.0     630.2
    1950.0     608.5    2000.0     583.2    2050.0     579.4    2100.0     575.4
    2150.0     575.0    2200.0     568.6    2250.0     560.8    2300.0     557.2
    2350.0     554.7    2400.0     553.8    2450.0     552.8    2500.0     551.9
    2550.0     551.0    2600.0     549.9    2650.0     548.8    2700.0     548.2
    2750.0     547.6    2800.0     547.0    2850.0     546.4    2900.0     545.8
    2950.0     545.6    3000.0     545.5    3050.0     545.4    3100.0     545.0
    3150.0     543.8    3200.0     542.6    3250.0     541.7    3300.0     540.9
    3350.0     540.3    3400.0     540.4    3450.0     540.4    3500.0     540.4
    3550.0     542.8    3600.0     545.3    3650.0     547.6    3700.0     554.8
    3750.0     587.9    3800.0     624.1    3850.0     658.9 /
21650   50    1   RM= 81.00, SNAKE River
    1   59
    1050.0     678.9    1100.0     651.6    1150.0     623.8    1200.0     607.3
    1250.0     605.0    1300.0     605.0    1350.0     604.8    1400.0     603.7
    1450.0     602.8    1500.0     602.3    1550.0     602.0    1600.0     602.4
    1650.0     602.2    1700.0     591.5    1750.0     585.0    1800.0     586.0
    1850.0     586.4    1900.0     585.3    1950.0     582.8    2000.0     578.8
    2050.0     575.2    2100.0     575.0    2150.0     575.5    2200.0     576.6
    2250.0     562.2    2300.0     560.0    2350.0     560.0    2400.0     560.0
    2450.0     559.3    2500.0     555.0    2550.0     551.5    2600.0     548.6
    2650.0     546.3    2700.0     544.0    2750.0     542.8    2800.0     543.2
    2850.0     543.4    2900.0     543.4    2950.0     543.9    3000.0     544.0
    3050.0     544.2    3100.0     544.6    3150.0     544.8    3200.0     545.2
    3250.0     545.5    3300.0     545.9    3350.0     546.1    3400.0     545.5
    3450.0     545.2    3500.0     544.2    3550.0     543.6    3600.0     544.3
    3650.0     546.2    3700.0     549.4    3750.0     561.4    3800.0     586.0
    3850.0     618.7    3900.0     664.4    3950.0     699.4 /
21660   50    1   RM= 81.50, SNAKE River
    1   79
    1050.0     671.9    1100.0     649.2    1150.0     624.0    1200.0     623.3
    1250.0     624.3    1300.0     622.6    1350.0     620.8    1400.0     619.1
    1450.0     617.4    1500.0     615.7    1550.0     615.0    1600.0     615.0
    1650.0     615.0    1700.0     615.0    1750.0     614.8    1800.0     612.2
    1850.0     608.9    1900.0     607.9    1950.0     608.6    2000.0     612.1
    2050.0     610.5    2100.0     595.5    2150.0     595.0    2200.0     593.0
    2250.0     590.0    2300.0     588.5    2350.0     587.0    2400.0     585.6
    2450.0     585.0    2500.0     585.0    2550.0     585.1    2600.0     585.1
    2650.0     584.8    2700.0     583.8    2750.0     582.5    2800.0     581.3
    2850.0     580.1    2900.0     577.3    2950.0     572.6    3000.0     562.2
    3050.0     555.4    3100.0     551.5    3150.0     549.9    3200.0     547.9
    3250.0     546.4    3300.0     545.3    3350.0     545.2    3400.0     545.2
    3450.0     545.4    3500.0     545.3    3550.0     545.7    3600.0     546.2
    3650.0     546.4    3700.0     546.5    3750.0     547.1    3800.0     547.3
    3850.0     547.2    3900.0     547.7    3950.0     548.0    4000.0     547.5
    4050.0     547.5    4100.0     547.3    4150.0     547.6    4200.0     547.6
    4250.0     549.7    4300.0     552.2    4350.0     555.9    4400.0     561.4
    4450.0     570.1    4500.0     577.5    4550.0     581.0    4600.0     584.4
    4650.0     594.7    4700.0     617.0    4750.0     632.2    4800.0     643.4
    4850.0     654.0    4900.0     668.7    4950.0     693.7 /
21670   50    1   RM= 82.00, SNAKE River
    1   48
    2100.0     649.6    2150.0     622.3    2200.0     620.0    2250.0     620.0
    2300.0     620.0    2350.0     620.0    2400.0     619.5    2450.0     618.8
    2500.0     617.7    2550.0     615.3    2600.0     611.6    2650.0     608.2
    2700.0     604.7    2750.0     600.7    2800.0     596.9    2850.0     591.5
    2900.0     588.3    2950.0     585.7    3000.0     583.5    3050.0     581.5
    3100.0     575.9    3150.0     565.1    3200.0     555.0    3250.0     551.6
    3300.0     551.0    3350.0     551.6    3400.0     550.9    3450.0     549.2
    3500.0     545.8    3550.0     543.2    3600.0     541.7    3650.0     540.2
    3700.0     538.4    3750.0     536.5    3800.0     536.0    3850.0     535.5
    3900.0     535.2    3950.0     534.8    4000.0     535.4    4050.0     539.0
    4100.0     543.0    4150.0     547.2    4200.0     553.2    4250.0     574.1
    4300.0     632.1    4350.0     658.4    4400.0     678.3    4450.0     693.7 /
21680   50    1   RM= 82.50, SNAKE River
    1   33
    2100.0     677.7    2150.0     659.2    2200.0     642.8    2250.0     626.7
    2300.0     612.7    2350.0     594.4    2400.0     577.8    2450.0     565.1
    2500.0     557.7    2550.0     554.5    2600.0     553.3    2650.0     552.1
    2700.0     551.1    2750.0     550.4    2800.0     550.3    2850.0     550.0
    2900.0     549.5    2950.0     549.0    3000.0     548.2    3050.0     547.4
    3100.0     546.4    3150.0     545.5    3200.0     544.3    3250.0     542.9
    3300.0     541.9    3350.0     541.9    3400.0     543.1    3450.0     545.6
    3500.0     548.8    3550.0     553.0    3600.0     562.3    3650.0     608.6
    3700.0     667.9 /
21690   50    1   RM= 83.00, SNAKE River
    1   66
    1750.0     685.5    1800.0     661.7    1850.0     641.1    1900.0     640.2
    1950.0     638.6    2000.0     636.5    2050.0     635.0    2100.0     614.8
    2150.0     585.5    2200.0     568.7    2250.0     558.4    2300.0     555.4
    2350.0     553.4    2400.0     552.0    2450.0     551.5    2500.0     551.1
    2550.0     551.1    2600.0     551.6    2650.0     552.8    2700.0     553.3
    2750.0     554.0    2800.0     554.8    2850.0     555.5    2900.0     555.6
    2950.0     555.7    3000.0     555.8    3050.0     555.9    3100.0     556.0
    3150.0     556.1    3200.0     556.2    3250.0     556.3    3300.0     556.4
    3350.0     556.5    3400.0     556.6    3450.0     556.6    3500.0     556.5
    3550.0     555.6    3600.0     555.5    3650.0     556.4    3700.0     557.5
    3750.0     558.9    3800.0     561.5    3850.0     571.0    3900.0     581.9
    3950.0     585.0    4000.0     584.2    4050.0     583.5    4100.0     583.5
    4150.0     583.5    4200.0     582.6    4250.0     581.6    4300.0     580.6
    4350.0     572.3    4400.0     566.5    4450.0     572.5    4500.0     575.5
    4550.0     575.8    4600.0     576.1    4650.0     576.2    4700.0     576.1
    4750.0     575.8    4800.0     577.2    4850.0     592.1    4900.0     594.4
    4950.0     598.4    5000.0     630.0 /
21700   50    1   RM= 83.50, SNAKE River
    1   50
    1400.0     698.0    1450.0     687.6    1500.0     668.8    1550.0     649.9
    1600.0     642.8    1650.0     645.3    1700.0     646.2    1750.0     647.1
    1800.0     648.2    1850.0     649.4    1900.0     649.6    1950.0     628.5
    2000.0     594.8    2050.0     571.5    2100.0     559.8    2150.0     557.2
    2200.0     555.4    2250.0     553.8    2300.0     552.3    2350.0     550.8
    2400.0     550.3    2450.0     549.9    2500.0     549.6    2550.0     549.2
    2600.0     548.9    2650.0     548.6    2700.0     548.3    2750.0     548.2
    2800.0     547.8    2850.0     547.5    2900.0     547.2    2950.0     546.8
    3000.0     546.3    3050.0     546.8    3100.0     550.0    3150.0     554.1
    3200.0     558.3    3250.0     563.6    3300.0     569.7    3350.0     578.0
    3400.0     580.8    3450.0     581.6    3500.0     582.4    3550.0     583.3
    3600.0     584.1    3650.0     584.9    3700.0     597.5    3750.0     626.1
    3800.0     657.9    3850.0     695.9 /
21710   50    1   RM= 84.00, SNAKE River
    1   49
    1700.0     695.1    1750.0     678.6    1800.0     659.5    1850.0     640.7
    1900.0     635.0    1950.0     620.6    2000.0     589.6    2050.0     571.8
    2100.0     562.1    2150.0     555.8    2200.0     550.7    2250.0     548.8
    2300.0     546.0    2350.0     542.9    2400.0     541.8    2450.0     542.2
    2500.0     541.6    2550.0     540.8    2600.0     540.3    2650.0     540.3
    2700.0     540.8    2750.0     540.7    2800.0     544.1    2850.0     546.3
    2900.0     551.7    2950.0     558.6    3000.0     565.6    3050.0     574.2
    3100.0     580.2    3150.0     580.5    3200.0     580.8    3250.0     581.2
    3300.0     581.5    3350.0     581.8    3400.0     582.1    3450.0     582.4
    3500.0     582.8    3550.0     583.1    3600.0     583.4    3650.0     583.7
    3700.0     584.0    3750.0     584.4    3800.0     584.7    3850.0     587.4
    3900.0     610.5    3950.0     635.5    4000.0     652.5    4050.0     664.6
    4100.0     677.4 /
21720   50    1   RM= 84.50, SNAKE River
    1   50
    1700.0     685.5    1750.0     654.6    1800.0     622.8    1850.0     596.8
    1900.0     575.2    1950.0     559.7    2000.0     556.9    2050.0     554.4
    2100.0     551.6    2150.0     548.4    2200.0     547.6    2250.0     547.8
    2300.0     548.0    2350.0     548.8    2400.0     549.8    2450.0     550.8
    2500.0     551.9    2550.0     552.8    2600.0     553.7    2650.0     554.6
    2700.0     556.0    2750.0     557.1    2800.0     558.1    2850.0     559.3
    2900.0     563.5    2950.0     565.4    3000.0     565.9    3050.0     566.4
    3100.0     566.9    3150.0     567.4    3200.0     567.9    3250.0     568.4
    3300.0     568.9    3350.0     569.4    3400.0     570.0    3450.0     572.6
    3500.0     574.8    3550.0     575.0    3600.0     576.2    3650.0     584.7
    3700.0     587.3    3750.0     589.1    3800.0     590.6    3850.0     591.9
    3900.0     593.1    3950.0     594.4    4000.0     598.7    4050.0     606.6
    4100.0     628.9    4150.0     656.3 /
21730   50    1   RM= 85.00, SNAKE River
    1   43
    1900.0     691.1    1950.0     660.0    2000.0     641.2    2050.0     639.1
    2100.0     637.4    2150.0     635.5    2200.0     633.0    2250.0     628.0
    2300.0     598.6    2350.0     575.6    2400.0     558.6    2450.0     555.7
    2500.0     553.8    2550.0     553.2    2600.0     552.8    2650.0     552.5
    2700.0     552.5    2750.0     552.6    2800.0     552.7    2850.0     553.0
    2900.0     552.9    2950.0     552.9    3000.0     552.6    3050.0     552.3
    3100.0     552.5    3150.0     552.7    3200.0     552.7    3250.0     552.1
    3300.0     552.7    3350.0     554.7    3400.0     556.7    3450.0     559.3
    3500.0     566.7    3550.0     577.7    3600.0     588.0    3650.0     598.8
    3700.0     603.8    3750.0     606.9    3800.0     609.7    3850.0     615.4
    3900.0     630.1    3950.0     644.9    4000.0     671.9 /
21740   50    1   RM= 85.50, SNAKE River
    1   43
    1900.0     670.5    1950.0     638.4    2000.0     634.9    2050.0     630.4
    2100.0     624.6    2150.0     620.0    2200.0     617.6    2250.0     615.4
    2300.0     613.0    2350.0     610.2    2400.0     607.9    2450.0     605.6
    2500.0     602.9    2550.0     600.4    2600.0     595.3    2650.0     580.0
    2700.0     561.7    2750.0     558.9    2800.0     557.8    2850.0     556.4
    2900.0     555.8    2950.0     554.7    3000.0     553.4    3050.0     553.4
    3100.0     553.6    3150.0     553.4    3200.0     553.2    3250.0     552.7
    3300.0     552.1    3350.0     552.0    3400.0     550.6    3450.0     548.7
    3500.0     546.7    3550.0     546.7    3600.0     546.4    3650.0     545.8
    3700.0     549.9    3750.0     556.8    3800.0     565.2    3850.0     582.9
    3900.0     610.5    3950.0     645.1    4000.0     664.2 /
21750   50    1   RM= 86.00, SNAKE River
    1   55
    1750.0     693.0    1800.0     666.4    1850.0     641.1    1900.0     628.8
    1950.0     624.0    2000.0     620.3    2050.0     618.6    2100.0     616.9
    2150.0     615.3    2200.0     613.6    2250.0     611.9    2300.0     610.2
    2350.0     609.0    2400.0     607.9    2450.0     606.8    2500.0     605.8
    2550.0     604.8    2600.0     602.7    2650.0     600.3    2700.0     596.0
    2750.0     591.1    2800.0     590.0    2850.0     589.7    2900.0     587.4
    2950.0     584.2    3000.0     580.7    3050.0     571.3    3100.0     561.9
    3150.0     556.6    3200.0     551.3    3250.0     546.2    3300.0     543.0
    3350.0     538.5    3400.0     532.9    3450.0     532.3    3500.0     533.1
    3550.0     533.4    3600.0     534.8    3650.0     541.9    3700.0     548.9
    3750.0     554.3    3800.0     557.1    3850.0     558.8    3900.0     562.1
    3950.0     574.6    4000.0     584.4    4050.0     604.2    4100.0     629.6
    4150.0     641.9    4200.0     652.3    4250.0     662.9    4300.0     672.7
    4350.0     679.5    4400.0     684.7    4450.0     682.2 /
21760   50    1   RM= 86.50, SNAKE River
    1   49
    1850.0     684.4    1900.0     652.6    1950.0     637.7    2000.0     620.1
    2050.0     600.3    2100.0     592.4    2150.0     590.0    2200.0     590.0
    2250.0     590.0    2300.0     590.0    2350.0     590.0    2400.0     590.0
    2450.0     590.0    2500.0     588.3    2550.0     585.0    2600.0     584.5
    2650.0     583.3    2700.0     582.2    2750.0     581.2    2800.0     580.4
    2850.0     579.7    2900.0     578.9    2950.0     578.1    3000.0     577.3
    3050.0     576.6    3100.0     575.7    3150.0     574.0    3200.0     566.3
    3250.0     558.5    3300.0     551.8    3350.0     546.4    3400.0     542.2
    3450.0     539.5    3500.0     537.8    3550.0     536.2    3600.0     535.7
    3650.0     537.8    3700.0     545.4    3750.0     551.1    3800.0     556.5
    3850.0     563.1    3900.0     580.9    3950.0     611.3    4000.0     641.5
    4050.0     647.1    4100.0     652.5    4150.0     661.8    4200.0     677.5
    4250.0     693.3 /
21770   50    1   RM= 87.00, SNAKE River
    1   45
    2050.0     690.5    2100.0     673.7    2150.0     644.4    2200.0     627.2
    2250.0     613.8    2300.0     606.5    2350.0     600.2    2400.0     593.9
    2450.0     585.2    2500.0     574.1    2550.0     562.9    2600.0     561.4
    2650.0     560.1    2700.0     560.2    2750.0     560.2    2800.0     560.2
    2850.0     559.5    2900.0     558.3    2950.0     557.6    3000.0     557.1
    3050.0     556.8    3100.0     556.3    3150.0     555.8    3200.0     555.4
    3250.0     555.0    3300.0     554.9    3350.0     554.9    3400.0     555.9
    3450.0     557.0    3500.0     557.8    3550.0     563.4    3600.0     577.0
    3650.0     602.9    3700.0     636.1    3750.0     640.3    3800.0     639.6
    3850.0     640.0    3900.0     640.0    3950.0     640.0    4000.0     640.0
    4050.0     640.3    4100.0     651.3    4150.0     666.1    4200.0     681.2
    4250.0     696.1 /
21780   50    1   RM= 87.50, SNAKE River
    1   45
    2050.0     690.8    2100.0     667.8    2150.0     644.0    2200.0     612.3
    2250.0     584.8    2300.0     563.5    2350.0     555.3    2400.0     547.8
    2450.0     544.7    2500.0     548.3    2550.0     549.8    2600.0     551.1
    2650.0     552.1    2700.0     553.5    2750.0     554.8    2800.0     556.6
    2850.0     558.3    2900.0     559.8    2950.0     561.1    3000.0     562.6
    3050.0     564.2    3100.0     567.3    3150.0     576.6    3200.0     591.0
    3250.0     596.1    3300.0     600.7    3350.0     604.6    3400.0     606.9
    3450.0     608.8    3500.0     611.5    3550.0     616.7    3600.0     621.8
    3650.0     626.3    3700.0     632.0    3750.0     634.9    3800.0     635.0
    3850.0     635.0    3900.0     635.3    3950.0     636.7    4000.0     638.1
    4050.0     639.4    4100.0     640.3    4150.0     654.9    4200.0     672.9
    4250.0     683.9 /
21790   50    1   RM= 88.00, SNAKE River
    1   50
    1850.0     679.6    1900.0     673.2    1950.0     666.1    2000.0     654.8
    2050.0     629.5    2100.0     592.5    2150.0     570.8    2200.0     557.6
    2250.0     549.1    2300.0     543.4    2350.0     544.1    2400.0     547.1
    2450.0     548.6    2500.0     550.4    2550.0     553.3    2600.0     557.7
    2650.0     561.3    2700.0     563.9    2750.0     565.7    2800.0     566.9
    2850.0     568.0    2900.0     569.2    2950.0     570.6    3000.0     573.1
    3050.0     575.5    3100.0     577.6    3150.0     579.7    3200.0     581.3
    3250.0     582.7    3300.0     584.0    3350.0     589.5    3400.0     594.8
    3450.0     596.8    3500.0     598.4    3550.0     600.3    3600.0     604.4
    3650.0     608.1    3700.0     612.2    3750.0     615.5    3800.0     616.9
    3850.0     617.2    3900.0     619.6    3950.0     621.2    4000.0     621.2
    4050.0     622.6    4100.0     624.2    4150.0     625.8    4200.0     630.7
    4250.0     634.9    4300.0     673.0 /
21800   50    1   RM= 88.50, SNAKE River
    1   47
    1700.0     676.6    1750.0     641.4    1800.0     607.7    1850.0     584.4
    1900.0     569.2    1950.0     561.7    2000.0     556.8    2050.0     553.0
    2100.0     554.5    2150.0     555.7    2200.0     555.5    2250.0     554.8
    2300.0     554.6    2350.0     557.7    2400.0     564.4    2450.0     572.2
    2500.0     588.1    2550.0     590.0    2600.0     590.0    2650.0     590.0
    2700.0     590.0    2750.0     587.7    2800.0     582.2    2850.0     571.0
    2900.0     564.3    2950.0     563.3    3000.0     563.4    3050.0     563.6
    3100.0     563.7    3150.0     564.6    3200.0     566.5    3250.0     569.8
    3300.0     576.8    3350.0     584.0    3400.0     585.9    3450.0     585.5
    3500.0     585.2    3550.0     585.1    3600.0     581.6    3650.0     580.0
    3700.0     581.7    3750.0     588.0    3800.0     595.5    3850.0     602.3
    3900.0     622.2    3950.0     637.3    4000.0     645.2 /
21810   50    1   RM= 89.00, SNAKE River
    1   50
    1550.0     681.6    1600.0     649.6    1650.0     632.0    1700.0     619.0
    1750.0     606.2    1800.0     602.8    1850.0     582.9    1900.0     569.3
    1950.0     562.8    2000.0     558.2    2050.0     554.8    2100.0     555.8
    2150.0     556.8    2200.0     559.4    2250.0     562.9    2300.0     563.8
    2350.0     562.7    2400.0     562.9    2450.0     564.3    2500.0     566.5
    2550.0     569.2    2600.0     570.4    2650.0     570.9    2700.0     571.4
    2750.0     571.5    2800.0     571.4    2850.0     571.3    2900.0     571.2
    2950.0     571.2    3000.0     571.1    3050.0     571.0    3100.0     570.9
    3150.0     570.8    3200.0     570.4    3250.0     569.8    3300.0     568.8
    3350.0     567.8    3400.0     566.7    3450.0     566.0    3500.0     565.6
    3550.0     566.5    3600.0     569.6    3650.0     575.0    3700.0     583.2
    3750.0     593.0    3800.0     602.9    3850.0     614.2    3900.0     637.1
    3950.0     647.6    4000.0     654.5 /
21820   50    1   RM= 89.50, SNAKE River
    1   54
    1400.0     686.5    1450.0     661.3    1500.0     635.5    1550.0     617.6
    1600.0     609.6    1650.0     608.0    1700.0     606.6    1750.0     605.2
    1800.0     603.8    1850.0     602.6    1900.0     601.3    1950.0     599.8
    2000.0     596.8    2050.0     596.2    2100.0     595.5    2150.0     589.9
    2200.0     582.1    2250.0     580.0    2300.0     580.0    2350.0     583.4
    2400.0     593.8    2450.0     597.3    2500.0     597.2    2550.0     597.1
    2600.0     597.0    2650.0     595.2    2700.0     586.8    2750.0     580.7
    2800.0     576.2    2850.0     572.8    2900.0     569.8    2950.0     567.5
    3000.0     565.6    3050.0     563.8    3100.0     561.4    3150.0     558.6
    3200.0     557.3    3250.0     558.1    3300.0     559.0    3350.0     560.1
    3400.0     560.9    3450.0     561.4    3500.0     561.8    3550.0     562.8
    3600.0     564.1    3650.0     566.1    3700.0     567.7    3750.0     579.5
    3800.0     601.5    3850.0     626.4    3900.0     645.3    3950.0     653.5
    4000.0     663.6    4050.0     691.0 /
21830   50    1   RM= 90.00, SNAKE River
    1   52
    1450.0     665.9    1500.0     634.1    1550.0     617.4    1600.0     614.3
    1650.0     615.4    1700.0     616.9    1750.0     616.7    1800.0     614.9
    1850.0     608.8    1900.0     601.4    1950.0     594.6    2000.0     592.0
    2050.0     592.0    2100.0     593.9    2150.0     595.0    2200.0     595.0
    2250.0     595.0    2300.0     595.0    2350.0     595.0    2400.0     602.2
    2450.0     597.7    2500.0     595.9    2550.0     595.4    2600.0     594.4
    2650.0     593.1    2700.0     591.8    2750.0     588.3    2800.0     579.4
    2850.0     572.4    2900.0     569.1    2950.0     567.5    3000.0     566.7
    3050.0     566.3    3100.0     564.5    3150.0     563.2    3200.0     562.9
    3250.0     563.3    3300.0     563.4    3350.0     563.9    3400.0     564.6
    3450.0     565.4    3500.0     566.4    3550.0     567.4    3600.0     567.2
    3650.0     565.4    3700.0     565.6    3750.0     568.8    3800.0     572.5
    3850.0     581.4    3900.0     611.7    3950.0     646.8    4000.0     683.7 /
21840   50    1   RM= 90.50, SNAKE River
    1   52
    1400.0     684.3    1450.0     654.8    1500.0     635.0    1550.0     627.0
    1600.0     624.8    1650.0     623.9    1700.0     622.9    1750.0     621.8
    1800.0     620.7    1850.0     619.7    1900.0     619.1    1950.0     618.4
    2000.0     617.7    2050.0     617.0    2100.0     616.3    2150.0     615.6
    2200.0     614.8    2250.0     613.2    2300.0     611.7    2350.0     610.1
    2400.0     609.4    2450.0     608.8    2500.0     608.1    2550.0     607.5
    2600.0     606.9    2650.0     606.2    2700.0     605.6    2750.0     604.1
    2800.0     596.7    2850.0     587.9    2900.0     581.0    2950.0     575.4
    3000.0     572.5    3050.0     570.2    3100.0     568.1    3150.0     566.3
    3200.0     564.3    3250.0     561.4    3300.0     559.5    3350.0     557.6
    3400.0     556.7    3450.0     556.1    3500.0     555.2    3550.0     554.3
    3600.0     557.3    3650.0     562.8    3700.0     566.3    3750.0     568.4
    3800.0     572.8    3850.0     581.3    3900.0     599.9    3950.0     633.2 /
21850   50    1   RM= 91.00, SNAKE River
    1   52
    1550.0     684.9    1600.0     651.5    1650.0     641.3    1700.0     636.8
    1750.0     632.1    1800.0     626.8    1850.0     624.5    1900.0     622.6
    1950.0     620.6    2000.0     617.6    2050.0     614.9    2100.0     614.4
    2150.0     614.1    2200.0     613.7    2250.0     613.4    2300.0     613.0
    2350.0     612.7    2400.0     612.4    2450.0     612.0    2500.0     611.7
    2550.0     611.3    2600.0     611.0    2650.0     610.6    2700.0     610.3
    2750.0     610.0    2800.0     606.0    2850.0     590.5    2900.0     584.2
    2950.0     581.1    3000.0     578.1    3050.0     575.3    3100.0     573.2
    3150.0     571.3    3200.0     569.7    3250.0     568.4    3300.0     568.2
    3350.0     568.4    3400.0     566.4    3450.0     564.6    3500.0     563.3
    3550.0     561.8    3600.0     560.3    3650.0     560.0    3700.0     560.6
    3750.0     563.7    3800.0     567.1    3850.0     572.8    3900.0     576.5
    3950.0     581.5    4000.0     595.6    4050.0     628.0    4100.0     669.6 /
21860   50    1   RM= 91.50, SNAKE River
    1   60
    1150.0     683.8    1200.0     668.8    1250.0     655.9    1300.0     637.4
    1350.0     627.1    1400.0     621.2    1450.0     618.8    1500.0     617.4
    1550.0     615.9    1600.0     614.5    1650.0     613.4    1700.0     612.3
    1750.0     611.4    1800.0     611.0    1850.0     610.6    1900.0     610.2
    1950.0     610.0    2000.0     610.0    2050.0     610.0    2100.0     610.0
    2150.0     605.4    2200.0     578.4    2250.0     571.6    2300.0     568.2
    2350.0     564.5    2400.0     561.6    2450.0     562.4    2500.0     563.7
    2550.0     565.6    2600.0     567.3    2650.0     569.2    2700.0     571.0
    2750.0     572.7    2800.0     576.9    2850.0     580.6    2900.0     584.7
    2950.0     589.0    3000.0     592.1    3050.0     594.8    3100.0     595.0
    3150.0     595.0    3200.0     595.0    3250.0     594.1    3300.0     591.7
    3350.0     589.5    3400.0     584.8    3450.0     580.0    3500.0     580.0
    3550.0     580.0    3600.0     580.0    3650.0     580.0    3700.0     580.0
    3750.0     580.3    3800.0     581.7    3850.0     583.1    3900.0     584.5
    3950.0     592.5    4000.0     614.1    4050.0     652.8    4100.0     685.7 /
21870   50    1   RM= 92.00, SNAKE River
    1   48
    1700.0     698.3    1750.0     676.9    1800.0     656.0    1850.0     638.7
    1900.0     621.5    1950.0     622.4    2000.0     598.9    2050.0     582.4
    2100.0     576.0    2150.0     572.8    2200.0     570.7    2250.0     570.9
    2300.0     570.1    2350.0     571.2    2400.0     572.7    2450.0     573.5
    2500.0     573.3    2550.0     573.3    2600.0     573.1    2650.0     573.2
    2700.0     573.8    2750.0     574.5    2800.0     575.3    2850.0     576.0
    2900.0     576.6    2950.0     577.3    3000.0     578.0    3050.0     578.7
    3100.0     579.4    3150.0     580.2    3200.0     581.4    3250.0     582.6
    3300.0     583.9    3350.0     585.7    3400.0     589.7    3450.0     593.2
    3500.0     600.1    3550.0     609.7    3600.0     614.9    3650.0     620.5
    3700.0     630.4    3750.0     640.6    3800.0     648.3    3850.0     653.0
    3900.0     660.9    3950.0     671.9    4000.0     682.3    4050.0     693.0 /
21880   50    1   RM= 92.50, SNAKE River
    1   41
    2100.0     661.9    2150.0     626.3    2200.0     606.0    2250.0     589.8
    2300.0     578.9    2350.0     574.2    2400.0     570.5    2450.0     566.8
    2500.0     565.3    2550.0     564.5    2600.0     562.9    2650.0     563.9
    2700.0     566.0    2750.0     567.3    2800.0     568.4    2850.0     569.0
    2900.0     569.8    2950.0     570.5    3000.0     571.6    3050.0     573.5
    3100.0     575.5    3150.0     577.6    3200.0     581.2    3250.0     589.8
    3300.0     600.4    3350.0     612.3    3400.0     619.5    3450.0     625.7
    3500.0     631.2    3550.0     636.3    3600.0     640.0    3650.0     640.8
    3700.0     644.0    3750.0     646.4    3800.0     648.3    3850.0     651.0
    3900.0     653.7    3950.0     656.9    4000.0     659.7    4050.0     662.4
    4100.0     684.4 /
21890   50    1   RM= 93.00, SNAKE River
    1   46
    1850.0     689.1    1900.0     668.0    1950.0     650.6    2000.0     625.1
    2050.0     607.0    2100.0     604.9    2150.0     593.2    2200.0     591.1
    2250.0     588.7    2300.0     584.5    2350.0     578.8    2400.0     572.8
    2450.0     567.0    2500.0     563.4    2550.0     563.1    2600.0     563.0
    2650.0     564.5    2700.0     565.6    2750.0     566.6    2800.0     567.8
    2850.0     568.8    2900.0     570.6    2950.0     573.5    3000.0     576.5
    3050.0     579.0    3100.0     583.5    3150.0     593.6    3200.0     609.4
    3250.0     617.5    3300.0     625.2    3350.0     631.7    3400.0     636.3
    3450.0     639.4    3500.0     641.9    3550.0     643.6    3600.0     645.3
    3650.0     646.4    3700.0     647.6    3750.0     648.7    3800.0     649.9
    3850.0     650.7    3900.0     653.0    3950.0     655.2    4000.0     658.7
    4050.0     670.9    4100.0     693.8 /
21900   50    1   RM= 93.50, SNAKE River
    1   50
    2050.0     664.2    2100.0     637.5    2150.0     615.5    2200.0     602.4
    2250.0     582.5    2300.0     577.4    2350.0     573.3    2400.0     570.3
    2450.0     570.6    2500.0     569.2    2550.0     567.7    2600.0     568.2
    2650.0     568.7    2700.0     569.2    2750.0     570.9    2800.0     573.0
    2850.0     575.2    2900.0     577.3    2950.0     579.3    3000.0     582.3
    3050.0     585.7    3100.0     588.3    3150.0     590.3    3200.0     591.1
    3250.0     591.9    3300.0     592.2    3350.0     592.6    3400.0     594.0
    3450.0     597.2    3500.0     606.2    3550.0     626.2    3600.0     637.7
    3650.0     640.2    3700.0     640.7    3750.0     641.1    3800.0     641.6
    3850.0     642.1    3900.0     642.5    3950.0     643.0    4000.0     643.5
    4050.0     643.9    4100.0     644.4    4150.0     644.9    4200.0     645.9
    4250.0     647.2    4300.0     648.5    4350.0     649.9    4400.0     654.5
    4450.0     662.6    4500.0     689.6 /
21910   50    1   RM= 94.00, SNAKE River
    1   50
    1500.0     698.5    1550.0     680.4    1600.0     666.2    1650.0     655.8
    1700.0     650.4    1750.0     645.7    1800.0     641.3    1850.0     636.4
    1900.0     633.0    1950.0     630.5    2000.0     628.3    2050.0     626.1
    2100.0     623.5    2150.0     620.0    2200.0     617.7    2250.0     614.5
    2300.0     597.4    2350.0     586.3    2400.0     582.1    2450.0     579.5
    2500.0     576.7    2550.0     574.2    2600.0     573.0    2650.0     572.4
    2700.0     572.4    2750.0     572.4    2800.0     573.3    2850.0     574.5
    2900.0     575.5    2950.0     577.2    3000.0     578.2    3050.0     578.9
    3100.0     579.6    3150.0     580.0    3200.0     580.0    3250.0     580.0
    3300.0     579.9    3350.0     581.0    3400.0     584.0    3450.0     595.4
    3500.0     608.9    3550.0     612.2    3600.0     614.1    3650.0     616.6
    3700.0     620.3    3750.0     632.2    3800.0     642.2    3850.0     648.7
    3900.0     657.1    3950.0     693.5 /
21920   50    1   RM= 94.50, SNAKE River
    1   52
    1200.0     691.2    1250.0     674.7    1300.0     665.0    1350.0     663.0
    1400.0     661.2    1450.0     659.3    1500.0     657.4    1550.0     655.5
    1600.0     653.6    1650.0     652.0    1700.0     650.4    1750.0     649.3
    1800.0     648.7    1850.0     648.0    1900.0     647.2    1950.0     646.3
    2000.0     645.4    2050.0     642.1    2100.0     637.9    2150.0     634.9
    2200.0     630.9    2250.0     626.2    2300.0     621.2    2350.0     619.6
    2400.0     616.0    2450.0     602.6    2500.0     587.5    2550.0     582.5
    2600.0     580.2    2650.0     578.2    2700.0     577.4    2750.0     577.1
    2800.0     576.4    2850.0     576.4    2900.0     576.6    2950.0     576.9
    3000.0     577.5    3050.0     578.0    3100.0     578.3    3150.0     577.9
    3200.0     577.3    3250.0     576.8    3300.0     577.2    3350.0     577.7
    3400.0     579.1    3450.0     581.2    3500.0     583.6    3550.0     592.0
    3600.0     609.8    3650.0     630.0    3700.0     658.3    3750.0     692.1 /
21930   50    1   RM= 95.00, SNAKE River
    1   54
     900.0     695.0     950.0     682.8    1000.0     669.0    1050.0     663.9
    1100.0     662.4    1150.0     660.8    1200.0     659.3    1250.0     657.8
    1300.0     656.3    1350.0     654.9    1400.0     653.7    1450.0     652.5
    1500.0     651.4    1550.0     650.2    1600.0     649.5    1650.0     648.0
    1700.0     646.7    1750.0     646.0    1800.0     646.2    1850.0     647.9
    1900.0     650.0    1950.0     650.0    2000.0     650.0    2050.0     649.9
    2100.0     648.1    2150.0     645.9    2200.0     642.4    2250.0     637.5
    2300.0     630.4    2350.0     620.1    2400.0     600.1    2450.0     585.1
    2500.0     583.2    2550.0     582.1    2600.0     581.2    2650.0     580.2
    2700.0     579.3    2750.0     578.7    2800.0     577.8    2850.0     577.5
    2900.0     576.7    2950.0     576.3    3000.0     575.8    3050.0     575.1
    3100.0     573.4    3150.0     571.0    3200.0     570.2    3250.0     569.1
    3300.0     575.6    3350.0     585.2    3400.0     600.6    3450.0     626.4
    3500.0     649.9    3550.0     670.0 /
21940   50    1   RM= 95.50, SNAKE River
    1   62
     650.0     667.7     700.0     662.8     750.0     660.8     800.0     659.7
     850.0     659.2     900.0     658.8     950.0     658.3    1000.0     657.9
    1050.0     657.5    1100.0     657.1    1150.0     656.7    1200.0     656.3
    1250.0     655.9    1300.0     655.5    1350.0     655.1    1400.0     654.2
    1450.0     653.1    1500.0     652.0    1550.0     650.9    1600.0     649.9
    1650.0     648.5    1700.0     647.0    1750.0     645.4    1800.0     643.3
    1850.0     640.8    1900.0     640.0    1950.0     640.0    2000.0     641.4
    2050.0     644.1    2100.0     645.0    2150.0     645.0    2200.0     644.7
    2250.0     640.7    2300.0     632.1    2350.0     621.4    2400.0     616.9
    2450.0     611.5    2500.0     602.7    2550.0     596.3    2600.0     589.6
    2650.0     584.1    2700.0     582.3    2750.0     580.8    2800.0     579.1
    2850.0     577.9    2900.0     576.6    2950.0     574.9    3000.0     573.3
    3050.0     571.7    3100.0     571.0    3150.0     570.2    3200.0     568.2
    3250.0     566.9    3300.0     571.2    3350.0     576.4    3400.0     582.0
    3450.0     586.2    3500.0     599.3    3550.0     616.4    3600.0     631.0
    3650.0     659.1    3700.0     681.4 /
21950   50    1   RM= 96.00, SNAKE River
    1   55
    1150.0     694.5    1200.0     679.4    1250.0     669.2    1300.0     666.3
    1350.0     663.3    1400.0     660.0    1450.0     656.5    1500.0     653.6
    1550.0     651.0    1600.0     648.7    1650.0     646.9    1700.0     645.8
    1750.0     645.5    1800.0     645.1    1850.0     645.0    1900.0     645.0
    1950.0     645.0    2000.0     645.0    2050.0     644.4    2100.0     643.0
    2150.0     641.6    2200.0     640.2    2250.0     638.0    2300.0     635.6
    2350.0     619.5    2400.0     615.0    2450.0     618.4    2500.0     617.3
    2550.0     609.2    2600.0     603.1    2650.0     599.1    2700.0     594.8
    2750.0     588.9    2800.0     582.9    2850.0     579.1    2900.0     575.3
    2950.0     571.5    3000.0     569.3    3050.0     568.1    3100.0     567.7
    3150.0     565.9    3200.0     565.2    3250.0     565.6    3300.0     568.9
    3350.0     577.3    3400.0     586.4    3450.0     597.8    3500.0     605.2
    3550.0     613.1    3600.0     621.2    3650.0     629.0    3700.0     643.9
    3750.0     664.8    3800.0     680.7    3850.0     694.7 /
21960   50    1   RM= 96.50, SNAKE River
    1   42
    1700.0     690.1    1750.0     669.8    1800.0     664.9    1850.0     660.5
    1900.0     655.9    1950.0     652.2    2000.0     648.5    2050.0     644.5
    2100.0     639.9    2150.0     634.9    2200.0     629.1    2250.0     624.3
    2300.0     621.5    2350.0     615.5    2400.0     605.5    2450.0     597.4
    2500.0     595.0    2550.0     595.0    2600.0     595.0    2650.0     595.0
    2700.0     594.9    2750.0     590.9    2800.0     584.3    2850.0     580.5
    2900.0     577.4    2950.0     575.7    3000.0     574.1    3050.0     572.9
    3100.0     571.7    3150.0     570.8    3200.0     569.4    3250.0     568.5
    3300.0     573.7    3350.0     579.2    3400.0     583.1    3450.0     585.8
    3500.0     595.6    3550.0     600.5    3600.0     615.5    3650.0     629.4
    3700.0     657.8    3750.0     683.4 /
21970   50    1   RM= 97.00, SNAKE River
    1   48
    1500.0     695.2    1550.0     675.1    1600.0     667.4    1650.0     663.7
    1700.0     659.4    1750.0     655.5    1800.0     651.7    1850.0     648.3
    1900.0     645.1    1950.0     643.9    2000.0     642.7    2050.0     641.5
    2100.0     640.1    2150.0     625.0    2200.0     610.5    2250.0     600.5
    2300.0     595.6    2350.0     595.0    2400.0     595.0    2450.0     595.0
    2500.0     593.7    2550.0     585.6    2600.0     580.9    2650.0     577.1
    2700.0     574.3    2750.0     573.6    2800.0     574.3    2850.0     575.2
    2900.0     579.3    2950.0     583.1    3000.0     587.4    3050.0     591.6
    3100.0     594.1    3150.0     595.0    3200.0     595.0    3250.0     594.5
    3300.0     586.7    3350.0     585.9    3400.0     586.9    3450.0     587.7
    3500.0     586.6    3550.0     585.5    3600.0     587.7    3650.0     596.2
    3700.0     620.4    3750.0     641.5    3800.0     664.8    3850.0     677.5 /
21980   50    1   RM= 97.50, SNAKE River
    1   50
    1750.0     698.3    1800.0     679.9    1850.0     659.9    1900.0     643.9
    1950.0     641.3    2000.0     639.0    2050.0     636.9    2100.0     634.7
    2150.0     632.1    2200.0     627.5    2250.0     621.9    2300.0     616.9
    2350.0     609.9    2400.0     601.2    2450.0     590.4    2500.0     588.1
    2550.0     586.8    2600.0     584.5    2650.0     583.2    2700.0     581.5
    2750.0     579.7    2800.0     579.9    2850.0     581.2    2900.0     582.5
    2950.0     583.3    3000.0     584.4    3050.0     585.7    3100.0     587.2
    3150.0     588.6    3200.0     590.1    3250.0     591.2    3300.0     592.3
    3350.0     593.2    3400.0     593.8    3450.0     594.1    3500.0     593.5
    3550.0     591.9    3600.0     590.0    3650.0     588.7    3700.0     588.1
    3750.0     588.8    3800.0     589.1    3850.0     590.3    3900.0     599.8
    3950.0     621.1    4000.0     633.9    4050.0     640.7    4100.0     646.6
    4150.0     666.2    4200.0     688.0 /
21990   50    1   RM= 98.00, SNAKE River
    1   49
    2150.0     687.4    2200.0     675.1    2250.0     652.1    2300.0     632.8
    2350.0     616.9    2400.0     602.4    2450.0     593.3    2500.0     586.4
    2550.0     580.6    2600.0     576.7    2650.0     573.2    2700.0     571.7
    2750.0     571.8    2800.0     572.5    2850.0     572.6    2900.0     573.2
    2950.0     573.0    3000.0     573.3    3050.0     575.8    3100.0     580.8
    3150.0     587.0    3200.0     591.9    3250.0     597.9    3300.0     604.0
    3350.0     609.1    3400.0     618.2    3450.0     622.8    3500.0     626.1
    3550.0     629.0    3600.0     633.2    3650.0     638.1    3700.0     641.9
    3750.0     645.2    3800.0     648.2    3850.0     648.2    3900.0     646.6
    3950.0     643.3    4000.0     636.2    4050.0     628.6    4100.0     636.5
    4150.0     639.2    4200.0     642.9    4250.0     646.6    4300.0     649.6
    4350.0     653.3    4400.0     658.6    4450.0     668.9    4500.0     676.9
    4550.0     685.5 /
22000   50    1   RM= 98.50, SNAKE River
    1   51
    2050.0     693.0    2100.0     685.4    2150.0     675.3    2200.0     658.9
    2250.0     640.0    2300.0     632.5    2350.0     624.9    2400.0     616.8
    2450.0     611.1    2500.0     603.3    2550.0     594.9    2600.0     587.3
    2650.0     582.6    2700.0     578.9    2750.0     575.5    2800.0     575.5
    2850.0     573.1    2900.0     573.2    2950.0     573.7    3000.0     575.4
    3050.0     580.3    3100.0     585.8    3150.0     591.0    3200.0     596.5
    3250.0     600.0    3300.0     602.9    3350.0     606.8    3400.0     615.2
    3450.0     630.7    3500.0     644.5    3550.0     645.0    3600.0     645.0
    3650.0     645.0    3700.0     644.9    3750.0     642.1    3800.0     642.9
    3850.0     645.5    3900.0     647.5    3950.0     649.3    4000.0     650.4
    4050.0     651.0    4100.0     651.7    4150.0     652.3    4200.0     653.0
    4250.0     653.7    4300.0     654.4    4350.0     655.3    4400.0     657.1
    4450.0     659.6    4500.0     662.7    4550.0     669.4 /
22010   50    1   RM= 99.00, SNAKE River
    1   51
    1900.0     689.0    1950.0     665.1    2000.0     657.1    2050.0     648.1
    2100.0     641.5    2150.0     635.7    2200.0     612.2    2250.0     598.4
    2300.0     589.9    2350.0     586.0    2400.0     584.6    2450.0     583.0
    2500.0     582.3    2550.0     576.4    2600.0     572.0    2650.0     571.0
    2700.0     571.9    2750.0     574.3    2800.0     578.5    2850.0     585.6
    2900.0     593.4    2950.0     604.6    3000.0     613.2    3050.0     616.7
    3100.0     618.2    3150.0     619.5    3200.0     620.0    3250.0     620.0
    3300.0     619.8    3350.0     618.4    3400.0     616.7    3450.0     614.7
    3500.0     611.6    3550.0     606.0    3600.0     605.0    3650.0     605.6
    3700.0     619.7    3750.0     633.2    3800.0     641.1    3850.0     647.6
    3900.0     651.5    3950.0     654.0    4000.0     655.6    4050.0     656.7
    4100.0     657.7    4150.0     658.8    4200.0     659.9    4250.0     661.8
    4300.0     664.1    4350.0     674.0    4400.0     694.8 /
22020   50    1   RM= 99.50, SNAKE River
    1   49
    1550.0     691.1    1600.0     680.1    1650.0     670.4    1700.0     666.7
    1750.0     662.9    1800.0     658.9    1850.0     655.5    1900.0     652.1
    1950.0     645.6    2000.0     649.0    2050.0     648.5    2100.0     646.2
    2150.0     630.5    2200.0     612.2    2250.0     598.1    2300.0     588.2
    2350.0     583.5    2400.0     579.6    2450.0     579.4    2500.0     580.1
    2550.0     580.8    2600.0     581.6    2650.0     582.9    2700.0     584.6
    2750.0     587.2    2800.0     589.0    2850.0     591.4    2900.0     594.4
    2950.0     598.0    3000.0     600.0    3050.0     600.0    3100.0     600.0
    3150.0     600.1    3200.0     600.3    3250.0     601.0    3300.0     602.1
    3350.0     603.2    3400.0     604.3    3450.0     605.0    3500.0     606.2
    3550.0     607.9    3600.0     609.5    3650.0     617.1    3700.0     626.1
    3750.0     633.6    3800.0     647.0    3850.0     657.9    3900.0     664.8
    3950.0     677.9 /
22030   50    1   RM=100.00, SNAKE River
    1   49
    1300.0     685.5    1350.0     680.0    1400.0     674.9    1450.0     670.5
    1500.0     665.4    1550.0     662.3    1600.0     659.2    1650.0     655.2
    1700.0     653.1    1750.0     651.1    1800.0     649.3    1850.0     647.7
    1900.0     646.1    1950.0     644.6    2000.0     643.3    2050.0     642.1
    2100.0     640.8    2150.0     636.4    2200.0     628.1    2250.0     622.6
    2300.0     616.1    2350.0     609.6    2400.0     603.9    2450.0     599.3
    2500.0     595.5    2550.0     593.1    2600.0     591.0    2650.0     589.4
    2700.0     587.8    2750.0     587.8    2800.0     587.9    2850.0     588.1
    2900.0     588.9    2950.0     589.4    3000.0     589.9    3050.0     590.2
    3100.0     590.6    3150.0     591.1    3200.0     591.2    3250.0     592.2
    3300.0     593.3    3350.0     594.6    3400.0     597.5    3450.0     603.3
    3500.0     613.5    3550.0     629.4    3600.0     644.2    3650.0     659.7
    3700.0     676.4 /
22040   50    1   RM=100.50, SNAKE River
    1   57
    1050.0     689.8    1100.0     678.0    1150.0     674.2    1200.0     673.1
    1250.0     672.0    1300.0     670.9    1350.0     669.6    1400.0     667.9
    1450.0     666.2    1500.0     664.4    1550.0     662.6    1600.0     660.7
    1650.0     658.9    1700.0     657.1    1750.0     655.3    1800.0     653.7
    1850.0     652.2    1900.0     650.6    1950.0     643.1    2000.0     636.5
    2050.0     630.5    2100.0     620.1    2150.0     610.4    2200.0     600.6
    2250.0     594.5    2300.0     592.8    2350.0     594.8    2400.0     601.0
    2450.0     605.9    2500.0     607.5    2550.0     608.0    2600.0     608.2
    2650.0     607.9    2700.0     606.6    2750.0     605.0    2800.0     603.5
    2850.0     602.1    2900.0     600.7    2950.0     599.7    3000.0     599.0
    3050.0     598.2    3100.0     597.5    3150.0     596.7    3200.0     595.9
    3250.0     595.0    3300.0     594.1    3350.0     593.0    3400.0     591.3
    3450.0     590.0    3500.0     588.1    3550.0     586.7    3600.0     591.4
    3650.0     596.2    3700.0     602.7    3750.0     617.7    3800.0     658.5
    3850.0     687.5 /
22050   50    1   RM=101.00, SNAKE River
    1   62
    1250.0     695.3    1300.0     685.3    1350.0     674.2    1400.0     663.0
    1450.0     655.2    1500.0     650.2    1550.0     642.5    1600.0     635.9
    1650.0     617.9    1700.0     615.4    1750.0     618.1    1800.0     619.8
    1850.0     619.7    1900.0     618.9    1950.0     617.9    2000.0     617.4
    2050.0     616.9    2100.0     616.4    2150.0     616.0    2200.0     615.6
    2250.0     615.2    2300.0     615.0    2350.0     614.9    2400.0     614.8
    2450.0     614.7    2500.0     614.4    2550.0     613.9    2600.0     613.4
    2650.0     612.7    2700.0     611.8    2750.0     610.5    2800.0     608.3
    2850.0     605.9    2900.0     602.9    2950.0     599.5    3000.0     596.0
    3050.0     593.4    3100.0     596.1    3150.0     601.1    3200.0     610.2
    3250.0     619.1    3300.0     616.5    3350.0     609.3    3400.0     601.9
    3450.0     595.3    3500.0     591.3    3550.0     587.4    3600.0     585.6
    3650.0     585.1    3700.0     585.3    3750.0     586.0    3800.0     587.2
    3850.0     588.2    3900.0     590.1    3950.0     593.7    4000.0     596.9
    4050.0     599.8    4100.0     620.5    4150.0     654.4    4200.0     679.1
    4250.0     689.5    4300.0     695.6 /
22060   50    1   RM=101.50, SNAKE River
    1   70
    1400.0     687.5    1450.0     677.6    1500.0     668.9    1550.0     661.9
    1600.0     652.8    1650.0     635.1    1700.0     618.5    1750.0     607.2
    1800.0     605.0    1850.0     605.0    1900.0     605.0    1950.0     609.5
    2000.0     612.1    2050.0     614.5    2100.0     615.1    2150.0     616.1
    2200.0     618.5    2250.0     620.2    2300.0     620.4    2350.0     620.6
    2400.0     620.7    2450.0     620.9    2500.0     620.6    2550.0     620.5
    2600.0     621.7    2650.0     620.6    2700.0     620.2    2750.0     620.2
    2800.0     620.0    2850.0     618.0    2900.0     614.4    2950.0     611.9
    3000.0     609.3    3050.0     605.8    3100.0     605.0    3150.0     605.7
    3200.0     608.6    3250.0     608.7    3300.0     607.2    3350.0     605.4
    3400.0     603.0    3450.0     601.2    3500.0     600.7    3550.0     599.9
    3600.0     600.0    3650.0     603.4    3700.0     610.0    3750.0     610.0
    3800.0     609.5    3850.0     607.5    3900.0     605.2    3950.0     599.4
    4000.0     596.9    4050.0     597.4    4100.0     596.0    4150.0     594.0
    4200.0     592.6    4250.0     593.6    4300.0     596.4    4350.0     599.8
    4400.0     604.4    4450.0     611.3    4500.0     616.4    4550.0     623.4
    4600.0     625.0    4650.0     629.8    4700.0     632.9    4750.0     637.4
    4800.0     655.0    4850.0     684.7 /
22070   50    1   RM=102.00, SNAKE River
    1   58
    2050.0     690.0    2100.0     676.2    2150.0     653.6    2200.0     637.2
    2250.0     622.8    2300.0     605.8    2350.0     603.0    2400.0     602.5
    2450.0     600.8    2500.0     598.9    2550.0     598.4    2600.0     598.9
    2650.0     600.0    2700.0     601.0    2750.0     602.2    2800.0     603.4
    2850.0     604.3    2900.0     604.9    2950.0     605.0    3000.0     605.0
    3050.0     605.0    3100.0     605.0    3150.0     604.7    3200.0     604.1
    3250.0     603.2    3300.0     602.0    3350.0     600.6    3400.0     599.7
    3450.0     597.2    3500.0     597.4    3550.0     600.3    3600.0     604.8
    3650.0     620.4    3700.0     623.1    3750.0     627.9    3800.0     641.4
    3850.0     650.4    3900.0     653.2    3950.0     642.8    4000.0     649.7
    4050.0     659.3    4100.0     656.6    4150.0     657.3    4200.0     660.0
    4250.0     656.8    4300.0     663.6    4350.0     665.0    4400.0     666.1
    4450.0     669.1    4500.0     668.0    4550.0     669.6    4600.0     671.0
    4650.0     673.0    4700.0     680.3    4750.0     685.0    4800.0     685.3
    4850.0     689.7    4900.0     697.2 /
22080   50    1   RM=102.50, SNAKE River
    1   49
    2100.0     687.4    2150.0     657.7    2200.0     638.1    2250.0     615.5
    2300.0     605.0    2350.0     602.0    2400.0     599.2    2450.0     596.0
    2500.0     595.1    2550.0     595.3    2600.0     595.6    2650.0     595.7
    2700.0     595.9    2750.0     596.1    2800.0     596.7    2850.0     597.6
    2900.0     598.7    2950.0     599.8    3000.0     600.9    3050.0     601.8
    3100.0     602.5    3150.0     604.1    3200.0     606.1    3250.0     610.9
    3300.0     617.2    3350.0     622.5    3400.0     631.3    3450.0     639.2
    3500.0     644.6    3550.0     652.5    3600.0     661.0    3650.0     665.7
    3700.0     669.6    3750.0     668.4    3800.0     665.4    3850.0     673.7
    3900.0     674.8    3950.0     674.9    4000.0     674.3    4050.0     674.1
    4100.0     682.4    4150.0     684.3    4200.0     680.0    4250.0     679.2
    4300.0     679.2    4350.0     683.8    4400.0     682.4    4450.0     684.4
    4500.0     689.4 /
22090   50    1   RM=103.00, SNAKE River
    1   50
    2150.0     696.2    2200.0     681.4    2250.0     649.1    2300.0     625.9
    2350.0     605.8    2400.0     597.6    2450.0     595.1    2500.0     592.0
    2550.0     591.1    2600.0     593.4    2650.0     594.0    2700.0     594.3
    2750.0     594.5    2800.0     596.6    2850.0     599.2    2900.0     601.4
    2950.0     603.0    3000.0     604.4    3050.0     606.0    3100.0     607.5
    3150.0     608.9    3200.0     611.4    3250.0     616.1    3300.0     620.4
    3350.0     629.4    3400.0     646.1    3450.0     648.5    3500.0     651.1
    3550.0     653.9    3600.0     658.8    3650.0     663.7    3700.0     665.9
    3750.0     667.2    3800.0     668.5    3850.0     670.2    3900.0     674.8
    3950.0     673.6    4000.0     671.7    4050.0     670.2    4100.0     670.0
    4150.0     672.0    4200.0     677.2    4250.0     688.2    4300.0     685.0
    4350.0     685.0    4400.0     685.0    4450.0     686.5    4500.0     690.5
    4550.0     694.4    4600.0     698.4 /
22100   50    1   RM=103.50, SNAKE River
    1   62
    1600.0     695.5    1650.0     690.9    1700.0     677.7    1750.0     657.7
    1800.0     648.5    1850.0     643.1    1900.0     640.9    1950.0     639.5
    2000.0     638.5    2050.0     637.5    2100.0     636.5    2150.0     635.5
    2200.0     632.8    2250.0     628.1    2300.0     623.4    2350.0     619.6
    2400.0     613.0    2450.0     608.4    2500.0     605.7    2550.0     603.1
    2600.0     602.3    2650.0     600.3    2700.0     597.0    2750.0     595.2
    2800.0     596.6    2850.0     598.7    2900.0     598.7    2950.0     599.8
    3000.0     602.3    3050.0     603.6    3100.0     605.3    3150.0     604.8
    3200.0     604.1    3250.0     603.2    3300.0     604.0    3350.0     607.4
    3400.0     611.0    3450.0     615.0    3500.0     619.0    3550.0     621.9
    3600.0     624.3    3650.0     628.5    3700.0     646.6    3750.0     673.7
    3800.0     679.7    3850.0     680.0    3900.0     677.0    3950.0     674.0
    4000.0     672.6    4050.0     671.1    4100.0     669.5    4150.0     668.1
    4200.0     666.7    4250.0     665.9    4300.0     666.3    4350.0     667.0
    4400.0     667.6    4450.0     668.3    4500.0     669.0    4550.0     670.6
    4600.0     682.4    4650.0     692.5 /
22110   50    1   RM=104.00, SNAKE River
    1   43
    1900.0     697.3    1950.0     686.5    2000.0     641.2    2050.0     624.9
    2100.0     608.6    2150.0     603.4    2200.0     598.7    2250.0     598.5
    2300.0     598.3    2350.0     598.2    2400.0     599.1    2450.0     600.2
    2500.0     601.4    2550.0     603.5    2600.0     605.7    2650.0     608.3
    2700.0     611.5    2750.0     615.4    2800.0     618.9    2850.0     621.2
    2900.0     622.6    2950.0     623.1    3000.0     623.2    3050.0     623.3
    3100.0     622.7    3150.0     621.8    3200.0     620.9    3250.0     619.8
    3300.0     617.6    3350.0     615.6    3400.0     614.8    3450.0     613.9
    3500.0     613.1    3550.0     612.2    3600.0     611.4    3650.0     610.6
    3700.0     610.0    3750.0     611.9    3800.0     615.5    3850.0     624.7
    3900.0     658.6    3950.0     686.3    4000.0     696.5 /
22120   50    1   RM=104.50, SNAKE River
    1   39
    2000.0     698.3    2050.0     694.7    2100.0     666.0    2150.0     637.2
    2200.0     612.1    2250.0     607.0    2300.0     602.6    2350.0     598.6
    2400.0     596.4    2450.0     597.0    2500.0     597.6    2550.0     598.7
    2600.0     599.5    2650.0     600.6    2700.0     602.0    2750.0     604.7
    2800.0     606.6    2850.0     608.4    2900.0     610.4    2950.0     613.0
    3000.0     616.0    3050.0     619.7    3100.0     626.1    3150.0     626.8
    3200.0     620.4    3250.0     619.6    3300.0     620.0    3350.0     619.9
    3400.0     620.0    3450.0     620.0    3500.0     620.0    3550.0     625.6
    3600.0     638.7    3650.0     651.0    3700.0     659.6    3750.0     665.1
    3800.0     670.7    3850.0     677.8    3900.0     687.5 /
22130   50    1   RM=105.00, SNAKE River
    1   47
    1750.0     697.6    1800.0     687.2    1850.0     673.6    1900.0     664.3
    1950.0     660.6    2000.0     655.7    2050.0     650.2    2100.0     647.1
    2150.0     630.7    2200.0     620.8    2250.0     620.0    2300.0     620.0
    2350.0     620.0    2400.0     620.0    2450.0     620.0    2500.0     619.5
    2550.0     617.9    2600.0     616.2    2650.0     614.4    2700.0     612.5
    2750.0     611.1    2800.0     609.7    2850.0     608.4    2900.0     608.0
    2950.0     608.2    3000.0     608.8    3050.0     609.7    3100.0     609.7
    3150.0     610.4    3200.0     610.8    3250.0     611.4    3300.0     611.4
    3350.0     611.6    3400.0     612.8    3450.0     616.0    3500.0     621.2
    3550.0     625.0    3600.0     625.0    3650.0     625.0    3700.0     621.0
    3750.0     615.8    3800.0     615.0    3850.0     631.8    3900.0     655.1
    3950.0     687.0    4000.0     696.7    4050.0     699.4 /
22140   50    1   RM=105.50, SNAKE River
    1   50
    1650.0     699.6    1700.0     697.6    1750.0     696.2    1800.0     693.6
    1850.0     686.6    1900.0     681.4    1950.0     676.1    2000.0     673.6
    2050.0     671.8    2100.0     670.2    2150.0     667.3    2200.0     663.3
    2250.0     656.5    2300.0     648.5    2350.0     642.4    2400.0     632.0
    2450.0     623.6    2500.0     619.3    2550.0     618.2    2600.0     617.2
    2650.0     616.2    2700.0     615.2    2750.0     614.2    2800.0     613.4
    2850.0     612.4    2900.0     610.9    2950.0     609.3    3000.0     607.5
    3050.0     606.1    3100.0     604.4    3150.0     602.6    3200.0     601.0
    3250.0     598.5    3300.0     596.7    3350.0     601.6    3400.0     605.7
    3450.0     612.0    3500.0     619.2    3550.0     628.8    3600.0     638.5
    3650.0     645.4    3700.0     655.0    3750.0     669.4    3800.0     679.3
    3850.0     690.9    3900.0     698.1    3950.0     699.8    4000.0     700.0
    4050.0     700.0    4100.0     700.0 /
22150   50    1   RM=106.00, SNAKE River
    1   41
    1700.0     700.0    1750.0     697.9    1800.0     695.6    1850.0     693.2
    1900.0     690.2    1950.0     687.6    2000.0     685.1    2050.0     682.8
    2100.0     680.5    2150.0     679.1    2200.0     678.0    2250.0     676.6
    2300.0     674.9    2350.0     666.6    2400.0     647.7    2450.0     625.4
    2500.0     614.2    2550.0     612.0    2600.0     609.9    2650.0     608.1
    2700.0     607.0    2750.0     606.1    2800.0     605.2    2850.0     603.6
    2900.0     601.5    2950.0     600.7    3000.0     600.0    3050.0     599.9
    3100.0     601.0    3150.0     602.4    3200.0     603.6    3250.0     607.2
    3300.0     611.1    3350.0     617.1    3400.0     629.4    3450.0     641.1
    3500.0     643.5    3550.0     655.3    3600.0     689.1    3650.0     717.4
    3700.0     709.9 /
22160   50    1   RM=106.25, SNAKE River
    1   38
    1900.0     698.7    1950.0     696.5    2000.0     695.0    2050.0     693.2
    2100.0     691.0    2150.0     688.1    2200.0     684.7    2250.0     681.5
    2300.0     678.5    2350.0     675.4    2400.0     665.3    2450.0     644.2
    2500.0     625.3    2550.0     611.9    2600.0     605.4    2650.0     601.1
    2700.0     599.4    2750.0     600.0    2800.0     600.2    2850.0     601.9
    2900.0     602.4    2950.0     603.0    3000.0     601.7    3050.0     599.8
    3100.0     598.1    3150.0     598.3    3200.0     600.9    3250.0     610.7
    3300.0     622.0    3350.0     631.4    3400.0     636.7    3450.0     640.2
    3500.0     646.4    3550.0     657.7    3600.0     669.7    3650.0     685.3
    3700.0     696.4    3750.0     699.0 /
22170   50    1   RM=106.75, SNAKE River
    1   37
    2100.0     955.4    2150.0     913.1    2200.0     844.4    2250.0     740.0
    2300.0     674.4    2350.0     650.3    2400.0     638.2    2450.0     618.7
    2500.0     615.2    2550.0     612.9    2600.0     612.9    2650.0     614.1
    2700.0     615.0    2750.0     616.0    2800.0     616.3    2850.0     616.4
    2900.0     616.7    2950.0     616.9    3000.0     616.3    3050.0     615.8
    3100.0     615.6    3150.0     615.2    3200.0     614.9    3250.0     614.7
    3300.0     614.4    3350.0     614.0    3400.0     613.6    3450.0     613.8
    3500.0     614.0    3550.0     615.7    3600.0     617.2    3650.0     618.9
    3700.0     627.4    3750.0     649.9    3800.0     678.6    3850.0     773.6
    3900.0     943.6 /
22180   50    1   RM=107.00, SNAKE River
    1   48
    1800.0     833.8    1850.0     699.5    1900.0     695.0    1950.0     690.9
    2000.0     686.8    2050.0     680.3    2100.0     659.4    2150.0     643.3
    2200.0     640.0    2250.0     646.3    2300.0     637.6    2350.0     630.7
    2400.0     619.1    2450.0     617.3    2500.0     616.1    2550.0     614.3
    2600.0     614.8    2650.0     616.2    2700.0     617.7    2750.0     619.1
    2800.0     628.4    2850.0     632.8    2900.0     634.6    2950.0     635.0
    3000.0     635.0    3050.0     635.0    3100.0     635.0    3150.0     634.5
    3200.0     627.8    3250.0     616.8    3300.0     610.7    3350.0     608.8
    3400.0     608.2    3450.0     607.9    3500.0     607.5    3550.0     607.8
    3600.0     608.0    3650.0     608.3    3700.0     608.3    3750.0     610.2
    3800.0     615.1    3850.0     622.9    3900.0     628.4    3950.0     635.6
    4000.0     659.9    4050.0     698.4    4100.0     833.1    4150.0     932.1 /
22190   50    1   RM=107.50, SNAKE River
    1   59
    1500.0     918.8    1550.0     845.6    1600.0     761.2    1650.0     697.6
    1700.0     680.1    1750.0     671.4    1800.0     663.4    1850.0     653.4
    1900.0     638.1    1950.0     624.9    2000.0     620.0    2050.0     620.0
    2100.0     620.0    2150.0     620.0    2200.0     620.8    2250.0     623.4
    2300.0     625.0    2350.0     628.7    2400.0     639.2    2450.0     642.4
    2500.0     639.6    2550.0     625.6    2600.0     625.0    2650.0     625.0
    2700.0     625.0    2750.0     625.0    2800.0     625.0    2850.0     625.4
    2900.0     626.4    2950.0     627.5    3000.0     628.7    3050.0     629.8
    3100.0     631.2    3150.0     632.7    3200.0     634.3    3250.0     635.0
    3300.0     635.0    3350.0     634.5    3400.0     632.1    3450.0     629.6
    3500.0     626.9    3550.0     624.5    3600.0     622.6    3650.0     620.6
    3700.0     618.9    3750.0     617.0    3800.0     615.4    3850.0     613.8
    3900.0     612.6    3950.0     611.3    4000.0     609.8    4050.0     608.0
    4100.0     607.0    4150.0     611.5    4200.0     614.9    4250.0     622.1
    4300.0     644.8    4350.0     674.3    4400.0     786.8 /
22200   50    1   RM=108.00, SNAKE River
    1   64
    1250.0     928.9    1300.0     802.2    1350.0     701.8    1400.0     659.2
    1450.0     640.6    1500.0     625.0    1550.0     625.0    1600.0     627.4
    1650.0     630.0    1700.0     630.0    1750.0     630.0    1800.0     630.2
    1850.0     630.7    1900.0     631.2    1950.0     631.8    2000.0     632.3
    2050.0     632.9    2100.0     633.2    2150.0     632.6    2200.0     631.2
    2250.0     628.3    2300.0     624.2    2350.0     621.9    2400.0     620.6
    2450.0     622.1    2500.0     623.1    2550.0     623.0    2600.0     622.8
    2650.0     622.3    2700.0     620.5    2750.0     618.7    2800.0     617.5
    2850.0     617.0    2900.0     617.6    2950.0     618.3    3000.0     619.0
    3050.0     620.0    3100.0     620.9    3150.0     621.8    3200.0     622.8
    3250.0     623.9    3300.0     625.9    3350.0     630.1    3400.0     632.3
    3450.0     634.4    3500.0     636.6    3550.0     638.4    3600.0     637.9
    3650.0     636.5    3700.0     638.3    3750.0     659.3    3800.0     666.5
    3850.0     668.7    3900.0     670.9    3950.0     672.8    4000.0     674.7
    4050.0     676.2    4100.0     677.3    4150.0     679.5    4200.0     685.5
    4250.0     695.2    4300.0     709.0    4350.0     759.5    4400.0     816.8 /
22210   50    1   RM=108.50, SNAKE River
    1   55
    1350.0     909.3    1400.0     783.7    1450.0     700.2    1500.0     685.6
    1550.0     669.9    1600.0     654.9    1650.0     639.2    1700.0     627.5
    1750.0     622.6    1800.0     612.5    1850.0     609.7    1900.0     611.6
    1950.0     612.7    2000.0     612.9    2050.0     613.9    2100.0     614.8
    2150.0     615.7    2200.0     616.4    2250.0     617.4    2300.0     619.3
    2350.0     620.5    2400.0     621.4    2450.0     622.1    2500.0     623.1
    2550.0     624.0    2600.0     624.9    2650.0     626.0    2700.0     627.3
    2750.0     628.5    2800.0     629.7    2850.0     631.4    2900.0     633.1
    2950.0     634.8    3000.0     638.1    3050.0     645.7    3100.0     649.7
    3150.0     651.8    3200.0     658.3    3250.0     674.5    3300.0     680.4
    3350.0     681.3    3400.0     681.9    3450.0     682.6    3500.0     683.1
    3550.0     683.5    3600.0     683.8    3650.0     684.0    3700.0     684.2
    3750.0     684.4    3800.0     684.7    3850.0     685.1    3900.0     686.5
    3950.0     690.2    4000.0     702.7    4050.0     873.9 /
22220   50    1   RM=109.00, SNAKE River
    1   51
    1450.0     849.3    1500.0     747.3    1550.0     687.0    1600.0     657.3
    1650.0     638.0    1700.0     623.9    1750.0     620.9    1800.0     615.9
    1850.0     610.6    1900.0     605.2    1950.0     593.5    2000.0     591.4
    2050.0     595.7    2100.0     604.9    2150.0     610.5    2200.0     614.7
    2250.0     617.3    2300.0     619.6    2350.0     622.2    2400.0     626.0
    2450.0     631.8    2500.0     647.0    2550.0     656.9    2600.0     662.6
    2650.0     666.3    2700.0     669.1    2750.0     670.8    2800.0     672.1
    2850.0     673.3    2900.0     674.6    2950.0     677.0    3000.0     680.2
    3050.0     683.7    3100.0     685.3    3150.0     685.7    3200.0     686.1
    3250.0     686.5    3300.0     686.9    3350.0     687.4    3400.0     687.8
    3450.0     688.2    3500.0     688.6    3550.0     689.0    3600.0     689.5
    3650.0     689.9    3700.0     692.0    3750.0     695.5    3800.0     700.4
    3850.0     704.1    3900.0     764.1    3950.0     868.5 /
22230   50    1   RM=109.50, SNAKE River
    1   39
    1900.0     869.6    1950.0     752.4    2000.0     688.2    2050.0     665.2
    2100.0     651.2    2150.0     634.6    2200.0     629.6    2250.0     627.7
    2300.0     624.8    2350.0     619.7    2400.0     610.2    2450.0     602.1
    2500.0     601.8    2550.0     605.4    2600.0     609.9    2650.0     612.0
    2700.0     612.5    2750.0     613.0    2800.0     613.8    2850.0     614.7
    2900.0     615.7    2950.0     617.7    3000.0     619.5    3050.0     620.8
    3100.0     623.8    3150.0     626.3    3200.0     631.0    3250.0     638.6
    3300.0     651.1    3350.0     658.9    3400.0     662.6    3450.0     668.8
    3500.0     675.2    3550.0     684.2    3600.0     691.4    3650.0     696.8
    3700.0     701.5    3750.0     770.4    3800.0     930.7 /
22240   50    1   RM=110.00, SNAKE River
    1   45
    1850.0     837.8    1900.0     741.1    1950.0     696.6    2000.0     689.4
    2050.0     684.7    2100.0     681.7    2150.0     679.3    2200.0     677.8
    2250.0     676.4    2300.0     675.3    2350.0     675.0    2400.0     675.0
    2450.0     673.9    2500.0     672.4    2550.0     670.3    2600.0     666.9
    2650.0     660.0    2700.0     656.4    2750.0     650.3    2800.0     638.7
    2850.0     631.2    2900.0     627.2    2950.0     624.9    3000.0     621.6
    3050.0     620.0    3100.0     618.4    3150.0     618.2    3200.0     617.7
    3250.0     617.5    3300.0     617.1    3350.0     617.1    3400.0     616.8
    3450.0     616.7    3500.0     616.7    3550.0     616.7    3600.0     616.8
    3650.0     617.6    3700.0     620.5    3750.0     626.3    3800.0     636.6
    3850.0     651.7    3900.0     668.6    3950.0     690.7    4000.0     757.8
    4050.0     931.3 /
22250   50    1   RM=110.50, SNAKE River
    1   54
    1750.0     922.2    1800.0     746.1    1850.0     702.0    1900.0     698.3
    1950.0     694.7    2000.0     691.0    2050.0     688.2    2100.0     685.6
    2150.0     684.1    2200.0     683.2    2250.0     682.5    2300.0     681.8
    2350.0     681.4    2400.0     681.2    2450.0     681.3    2500.0     681.4
    2550.0     681.7    2600.0     682.3    2650.0     683.3    2700.0     684.5
    2750.0     685.0    2800.0     685.0    2850.0     685.0    2900.0     685.0
    2950.0     684.9    3000.0     683.6    3050.0     681.8    3100.0     678.7
    3150.0     670.2    3200.0     662.9    3250.0     640.2    3300.0     625.6
    3350.0     623.6    3400.0     621.8    3450.0     620.6    3500.0     620.0
    3550.0     619.2    3600.0     618.9    3650.0     618.1    3700.0     617.5
    3750.0     617.6    3800.0     616.2    3850.0     614.5    3900.0     614.1
    3950.0     613.4    4000.0     615.1    4050.0     618.6    4100.0     621.9
    4150.0     628.5    4200.0     644.1    4250.0     646.5    4300.0     658.6
    4350.0     683.1    4400.0     821.8 /
22260   50    1   RM=111.00, SNAKE River
    1   56
    1600.0     797.3    1650.0     702.6    1700.0     695.7    1750.0     694.0
    1800.0     693.0    1850.0     692.1    1900.0     691.2    1950.0     690.4
    2000.0     689.8    2050.0     689.2    2100.0     688.7    2150.0     688.2
    2200.0     687.7    2250.0     687.2    2300.0     686.7    2350.0     686.2
    2400.0     685.8    2450.0     685.3    2500.0     684.9    2550.0     684.5
    2600.0     684.1    2650.0     683.7    2700.0     683.2    2750.0     682.7
    2800.0     682.1    2850.0     681.6    2900.0     681.0    2950.0     680.4
    3000.0     679.2    3050.0     676.3    3100.0     669.5    3150.0     664.2
    3200.0     651.8    3250.0     632.7    3300.0     627.5    3350.0     624.4
    3400.0     622.6    3450.0     621.9    3500.0     621.2    3550.0     620.5
    3600.0     619.8    3650.0     619.1    3700.0     618.4    3750.0     617.9
    3800.0     616.6    3850.0     615.3    3900.0     614.3    3950.0     613.3
    4000.0     614.6    4050.0     622.0    4100.0     628.3    4150.0     649.2
    4200.0     675.4    4250.0     700.9    4300.0     709.0    4350.0     838.8 /
22270   50    1   RM=111.50, SNAKE River
    1   48
    1850.0     960.4    1900.0     818.0    1950.0     720.5    2000.0     704.4
    2050.0     701.5    2100.0     697.7    2150.0     694.5    2200.0     693.3
    2250.0     692.1    2300.0     691.0    2350.0     689.9    2400.0     688.2
    2450.0     686.5    2500.0     684.4    2550.0     680.1    2600.0     676.6
    2650.0     673.7    2700.0     671.2    2750.0     668.3    2800.0     665.0
    2850.0     662.0    2900.0     658.9    2950.0     654.1    3000.0     647.5
    3050.0     639.5    3100.0     628.5    3150.0     625.6    3200.0     622.7
    3250.0     620.3    3300.0     619.2    3350.0     618.3    3400.0     617.6
    3450.0     617.3    3500.0     616.3    3550.0     614.8    3600.0     612.8
    3650.0     610.7    3700.0     613.7    3750.0     617.0    3800.0     622.2
    3850.0     628.7    3900.0     639.6    3950.0     654.6    4000.0     670.0
    4050.0     682.8    4100.0     695.2    4150.0     708.3    4200.0     832.3 /
22280   50    1   RM=112.00, SNAKE River
    1   36
    2250.0     892.3    2300.0     762.1    2350.0     699.5    2400.0     691.6
    2450.0     682.5    2500.0     674.3    2550.0     667.5    2600.0     657.3
    2650.0     647.9    2700.0     644.6    2750.0     642.7    2800.0     640.6
    2850.0     637.3    2900.0     630.5    2950.0     627.7    3000.0     625.4
    3050.0     623.8    3100.0     622.4    3150.0     621.6    3200.0     618.8
    3250.0     617.5    3300.0     616.8    3350.0     615.8    3400.0     615.6
    3450.0     614.9    3500.0     613.7    3550.0     613.3    3600.0     617.9
    3650.0     623.2    3700.0     630.7    3750.0     641.4    3800.0     651.3
    3850.0     667.8    3900.0     690.8    3950.0     707.5    4000.0     759.4 /
22290   50    1   RM=112.50, SNAKE River
    1   45
    2000.0     768.1    2050.0     710.0    2100.0     699.6    2150.0     670.0
    2200.0     647.8    2250.0     629.2    2300.0     626.6    2350.0     624.1
    2400.0     621.8    2450.0     620.8    2500.0     620.9    2550.0     620.9
    2600.0     620.4    2650.0     618.1    2700.0     616.5    2750.0     615.1
    2800.0     617.8    2850.0     626.4    2900.0     629.5    2950.0     636.0
    3000.0     643.3    3050.0     649.8    3100.0     654.1    3150.0     661.2
    3200.0     664.6    3250.0     669.3    3300.0     674.8    3350.0     680.3
    3400.0     685.3    3450.0     690.2    3500.0     694.9    3550.0     699.1
    3600.0     704.2    3650.0     706.1    3700.0     706.9    3750.0     708.3
    3800.0     709.7    3850.0     710.0    3900.0     710.0    3950.0     710.0
    4000.0     710.0    4050.0     710.5    4100.0     758.3    4150.0     841.0
    4200.0     928.9 /
22300   50    1   RM=113.00, SNAKE River
    1   34
    2050.0     911.2    2100.0     829.3    2150.0     744.4    2200.0     704.5
    2250.0     681.4    2300.0     665.7    2350.0     647.2    2400.0     630.4
    2450.0     627.5    2500.0     626.1    2550.0     621.0    2600.0     618.2
    2650.0     611.9    2700.0     605.7    2750.0     605.2    2800.0     608.7
    2850.0     612.9    2900.0     615.3    2950.0     618.6    3000.0     621.6
    3050.0     625.3    3100.0     628.3    3150.0     631.9    3200.0     644.1
    3250.0     652.6    3300.0     659.0    3350.0     668.9    3400.0     673.5
    3450.0     678.6    3500.0     683.7    3550.0     687.5    3600.0     691.7
    3650.0     706.2    3700.0     848.8 /
22310   50    1   RM=113.50, SNAKE River
    1   37
    1950.0     928.9    2000.0     799.9    2050.0     702.8    2100.0     681.7
    2150.0     677.6    2200.0     675.2    2250.0     673.3    2300.0     671.4
    2350.0     661.0    2400.0     648.5    2450.0     632.9    2500.0     627.0
    2550.0     623.3    2600.0     620.1    2650.0     618.8    2700.0     619.1
    2750.0     619.4    2800.0     619.6    2850.0     619.9    2900.0     619.9
    2950.0     620.0    3000.0     620.3    3050.0     622.0    3100.0     624.9
    3150.0     626.7    3200.0     628.3    3250.0     629.9    3300.0     638.3
    3350.0     648.6    3400.0     658.2    3450.0     668.4    3500.0     676.6
    3550.0     684.3    3600.0     692.4    3650.0     702.1    3700.0     735.7
    3750.0     914.8 /
22320   50    1   RM=114.00, SNAKE River
    1   44
    1900.0     867.0    1950.0     709.8    2000.0     698.7    2050.0     693.1
    2100.0     689.8    2150.0     687.5    2200.0     685.5    2250.0     683.7
    2300.0     681.8    2350.0     680.2    2400.0     680.0    2450.0     680.0
    2500.0     680.0    2550.0     672.0    2600.0     664.8    2650.0     660.0
    2700.0     656.5    2750.0     652.0    2800.0     647.0    2850.0     642.3
    2900.0     638.0    2950.0     635.2    3000.0     633.7    3050.0     632.4
    3100.0     631.0    3150.0     629.4    3200.0     627.0    3250.0     625.3
    3300.0     623.3    3350.0     620.4    3400.0     619.7    3450.0     623.1
    3500.0     628.4    3550.0     629.5    3600.0     630.9    3650.0     633.3
    3700.0     638.9    3750.0     647.0    3800.0     655.6    3850.0     662.7
    3900.0     673.5    3950.0     685.9    4000.0     698.9    4050.0     838.5 /
22330   50    1   RM=114.50, SNAKE River
    1   51
    1700.0     911.0    1750.0     816.5    1800.0     723.2    1850.0     711.8
    1900.0     706.0    1950.0     699.9    2000.0     694.1    2050.0     689.9
    2100.0     686.8    2150.0     684.0    2200.0     680.6    2250.0     683.8
    2300.0     679.5    2350.0     673.8    2400.0     667.3    2450.0     665.0
    2500.0     665.2    2550.0     668.8    2600.0     671.9    2650.0     672.6
    2700.0     672.6    2750.0     671.2    2800.0     669.1    2850.0     665.9
    2900.0     656.8    2950.0     642.1    3000.0     634.8    3050.0     634.2
    3100.0     633.1    3150.0     631.8    3200.0     631.3    3250.0     631.0
    3300.0     630.5    3350.0     630.4    3400.0     630.3    3450.0     629.9
    3500.0     629.7    3550.0     629.6    3600.0     628.9    3650.0     628.5
    3700.0     627.7    3750.0     629.1    3800.0     630.9    3850.0     632.8
    3900.0     636.5    3950.0     651.9    4000.0     685.1    4050.0     711.9
    4100.0     718.1    4150.0     765.3    4200.0     904.9 /
22340   50    1   RM=115.00, SNAKE River
    1   38
    2050.0     922.9    2100.0     814.5    2150.0     708.0    2200.0     689.7
    2250.0     681.2    2300.0     679.8    2350.0     680.0    2400.0     677.1
    2450.0     666.0    2500.0     661.7    2550.0     657.8    2600.0     649.3
    2650.0     642.7    2700.0     634.4    2750.0     627.1    2800.0     620.4
    2850.0     617.0    2900.0     617.1    2950.0     617.1    3000.0     617.9
    3050.0     618.2    3100.0     618.2    3150.0     616.6    3200.0     617.4
    3250.0     617.5    3300.0     619.1    3350.0     624.8    3400.0     631.0
    3450.0     640.1    3500.0     649.5    3550.0     666.8    3600.0     673.2
    3650.0     677.8    3700.0     683.2    3750.0     689.6    3800.0     697.8
    3850.0     745.0    3900.0     877.3 /
22350   50    1   RM=115.50, SNAKE River
    1   36
    2000.0     906.5    2050.0     734.6    2100.0     695.6    2150.0     679.7
    2200.0     670.6    2250.0     659.1    2300.0     646.8    2350.0     638.2
    2400.0     633.7    2450.0     630.2    2500.0     627.6    2550.0     627.2
    2600.0     626.0    2650.0     624.8    2700.0     624.8    2750.0     625.1
    2800.0     628.7    2850.0     630.7    2900.0     633.2    2950.0     635.7
    3000.0     637.5    3050.0     641.9    3100.0     651.3    3150.0     655.2
    3200.0     655.5    3250.0     657.0    3300.0     666.1    3350.0     672.3
    3400.0     675.3    3450.0     678.0    3500.0     680.0    3550.0     680.9
    3600.0     684.2    3650.0     687.5    3700.0     693.3    3750.0     766.0 /
22360   50    1   RM=116.00, SNAKE River
    1   46
    1650.0     920.2    1700.0     740.4    1750.0     709.5    1800.0     681.8
    1850.0     671.8    1900.0     671.4    1950.0     654.9    2000.0     642.1
    2050.0     638.4    2100.0     635.5    2150.0     633.4    2200.0     629.5
    2250.0     628.5    2300.0     629.1    2350.0     629.8    2400.0     630.3
    2450.0     631.3    2500.0     633.4    2550.0     633.8    2600.0     634.9
    2650.0     636.1    2700.0     636.9    2750.0     637.3    2800.0     637.8
    2850.0     638.8    2900.0     640.2    2950.0     646.6    3000.0     660.6
    3050.0     674.8    3100.0     683.5    3150.0     692.1    3200.0     695.1
    3250.0     695.8    3300.0     696.7    3350.0     697.7    3400.0     698.6
    3450.0     699.6    3500.0     700.9    3550.0     702.4    3600.0     704.0
    3650.0     705.9    3700.0     708.0    3750.0     710.1    3800.0     713.9
    3850.0     758.7    3900.0     954.2 /
22370   50    1   RM=116.50, SNAKE River
    1   42
    1800.0     819.8    1850.0     718.6    1900.0     711.0    1950.0     698.9
    2000.0     680.1    2050.0     683.8    2100.0     679.3    2150.0     671.9
    2200.0     665.5    2250.0     653.8    2300.0     644.0    2350.0     641.0
    2400.0     638.7    2450.0     633.8    2500.0     630.2    2550.0     629.8
    2600.0     632.5    2650.0     633.1    2700.0     633.8    2750.0     634.7
    2800.0     636.3    2850.0     637.4    2900.0     637.7    2950.0     638.1
    3000.0     638.7    3050.0     639.3    3100.0     639.9    3150.0     643.4
    3200.0     654.1    3250.0     683.3    3300.0     697.1    3350.0     700.0
    3400.0     701.5    3450.0     702.7    3500.0     703.6    3550.0     704.2
    3600.0     704.9    3650.0     705.0    3700.0     705.0    3750.0     705.9
    3800.0     714.9    3850.0     917.1 /
22380   50    1   RM=117.00, SNAKE River
    1   38
    1900.0     834.3    1950.0     722.3    2000.0     706.5    2050.0     705.5
    2100.0     704.3    2150.0     705.6    2200.0     702.3    2250.0     697.6
    2300.0     694.1    2350.0     691.6    2400.0     688.3    2450.0     684.5
    2500.0     681.9    2550.0     676.4    2600.0     666.6    2650.0     661.3
    2700.0     656.6    2750.0     649.5    2800.0     641.1    2850.0     635.7
    2900.0     631.6    2950.0     629.3    3000.0     626.3    3050.0     625.2
    3100.0     625.7    3150.0     627.9    3200.0     628.9    3250.0     629.7
    3300.0     630.2    3350.0     631.5    3400.0     633.8    3450.0     636.2
    3500.0     643.7    3550.0     655.3    3600.0     673.2    3650.0     689.0
    3700.0     719.8    3750.0     886.6 /
22390   50    1   RM=117.50, SNAKE River
    1   45
    1650.0     902.8    1700.0     811.7    1750.0     728.2    1800.0     708.7
    1850.0     705.5    1900.0     703.1    1950.0     701.1    2000.0     699.2
    2050.0     697.3    2100.0     695.2    2150.0     692.9    2200.0     690.6
    2250.0     688.7    2300.0     687.0    2350.0     685.4    2400.0     684.2
    2450.0     683.0    2500.0     681.8    2550.0     680.6    2600.0     679.9
    2650.0     678.8    2700.0     677.3    2750.0     675.8    2800.0     674.3
    2850.0     672.4    2900.0     669.9    2950.0     655.0    3000.0     641.8
    3050.0     636.0    3100.0     632.2    3150.0     629.2    3200.0     623.1
    3250.0     618.8    3300.0     617.7    3350.0     618.1    3400.0     619.6
    3450.0     619.3    3500.0     619.0    3550.0     624.9    3600.0     636.4
    3650.0     642.8    3700.0     655.7    3750.0     685.0    3800.0     746.7
    3850.0     874.5 /
22400   50    1   RM=118.00, SNAKE River
    1   52
    1600.0     888.2    1650.0     757.9    1700.0     735.9    1750.0     720.0
    1800.0     713.9    1850.0     708.4    1900.0     705.3    1950.0     702.2
    2000.0     698.0    2050.0     693.4    2100.0     687.5    2150.0     680.3
    2200.0     672.9    2250.0     665.3    2300.0     665.0    2350.0     665.0
    2400.0     675.0    2450.0     675.0    2500.0     675.0    2550.0     675.0
    2600.0     675.0    2650.0     675.0    2700.0     675.0    2750.0     675.0
    2800.0     675.0    2850.0     675.0    2900.0     675.0    2950.0     674.1
    3000.0     666.4    3050.0     661.7    3100.0     657.4    3150.0     653.3
    3200.0     649.2    3250.0     645.1    3300.0     643.1    3350.0     640.9
    3400.0     638.8    3450.0     635.2    3500.0     630.3    3550.0     629.6
    3600.0     630.0    3650.0     629.7    3700.0     629.4    3750.0     630.1
    3800.0     632.1    3850.0     636.3    3900.0     641.2    3950.0     657.6
    4000.0     681.8    4050.0     718.0    4100.0     754.6    4150.0     895.6 /
22410   50    1   RM=118.50, SNAKE River
    1   52
    1600.0     943.8    1650.0     913.6    1700.0     869.4    1750.0     825.7
    1800.0     772.6    1850.0     728.4    1900.0     729.1    1950.0     729.9
    2000.0     728.8    2050.0     721.9    2100.0     715.8    2150.0     711.7
    2200.0     702.5    2250.0     691.1    2300.0     687.3    2350.0     681.0
    2400.0     676.5    2450.0     670.1    2500.0     670.0    2550.0     670.0
    2600.0     670.0    2650.0     670.0    2700.0     668.4    2750.0     665.5
    2800.0     663.4    2850.0     661.5    2900.0     659.3    2950.0     656.3
    3000.0     651.7    3050.0     646.0    3100.0     642.7    3150.0     640.2
    3200.0     638.8    3250.0     637.9    3300.0     637.5    3350.0     637.3
    3400.0     638.3    3450.0     639.0    3500.0     640.0    3550.0     640.4
    3600.0     640.8    3650.0     641.5    3700.0     641.7    3750.0     642.1
    3800.0     642.7    3850.0     642.9    3900.0     645.2    3950.0     653.5
    4000.0     668.1    4050.0     685.8    4100.0     713.5    4150.0     823.9 /
22420   50    1   RM=119.00, SNAKE River
    1   45
    1700.0     948.9    1750.0     887.1    1800.0     820.5    1850.0     784.9
    1900.0     746.7    1950.0     722.3    2000.0     705.6    2050.0     692.6
    2100.0     685.3    2150.0     682.9    2200.0     678.6    2250.0     673.9
    2300.0     656.1    2350.0     648.6    2400.0     647.1    2450.0     646.4
    2500.0     645.5    2550.0     644.7    2600.0     643.4    2650.0     642.0
    2700.0     640.3    2750.0     639.5    2800.0     639.0    2850.0     638.7
    2900.0     638.6    2950.0     638.8    3000.0     639.2    3050.0     641.1
    3100.0     642.1    3150.0     645.2    3200.0     651.7    3250.0     660.9
    3300.0     668.9    3350.0     682.7    3400.0     687.4    3450.0     692.3
    3500.0     697.5    3550.0     702.4    3600.0     707.5    3650.0     713.6
    3700.0     719.9    3750.0     726.3    3800.0     756.0    3850.0     836.3
    3900.0     915.0 /
22430   50    1   RM=119.50, SNAKE River
    1   48
    1650.0     954.7    1700.0     880.8    1750.0     772.3    1800.0     730.0
    1850.0     729.3    1900.0     719.8    1950.0     700.9    2000.0     687.9
    2050.0     686.7    2100.0     681.3    2150.0     671.3    2200.0     659.8
    2250.0     649.3    2300.0     644.8    2350.0     643.6    2400.0     639.0
    2450.0     640.6    2500.0     641.6    2550.0     642.0    2600.0     642.8
    2650.0     643.4    2700.0     643.6    2750.0     644.3    2800.0     644.3
    2850.0     644.5    2900.0     644.3    2950.0     645.3    3000.0     647.9
    3050.0     651.5    3100.0     665.5    3150.0     680.9    3200.0     685.2
    3250.0     687.1    3300.0     688.9    3350.0     692.6    3400.0     698.6
    3450.0     701.2    3500.0     702.7    3550.0     704.3    3600.0     706.1
    3650.0     708.0    3700.0     710.0    3750.0     712.3    3800.0     714.7
    3850.0     718.3    3900.0     723.2    3950.0     736.2    4000.0     825.6 /
22440   50    1   RM=120.00, SNAKE River
    1   43
    1800.0     839.7    1850.0     729.4    1900.0     724.8    1950.0     720.5
    2000.0     713.5    2050.0     697.0    2100.0     693.7    2150.0     694.2
    2200.0     688.0    2250.0     680.8    2300.0     672.7    2350.0     664.8
    2400.0     657.1    2450.0     647.7    2500.0     642.7    2550.0     638.2
    2600.0     632.4    2650.0     627.5    2700.0     630.4    2750.0     636.4
    2800.0     640.6    2850.0     642.2    2900.0     643.4    2950.0     645.0
    3000.0     646.7    3050.0     648.3    3100.0     650.1    3150.0     655.4
    3200.0     663.4    3250.0     671.2    3300.0     685.0    3350.0     689.8
    3400.0     693.5    3450.0     695.9    3500.0     697.3    3550.0     698.8
    3600.0     700.4    3650.0     702.1    3700.0     703.6    3750.0     705.4
    3800.0     710.1    3850.0     730.2    3900.0     850.5 /
22450   50    1   RM=120.50, SNAKE River
    1   31
    2100.0     884.2    2150.0     777.0    2200.0     722.5    2250.0     715.5
    2300.0     710.1    2350.0     705.7    2400.0     702.2    2450.0     698.9
    2500.0     692.1    2550.0     679.1    2600.0     665.5    2650.0     649.5
    2700.0     642.5    2750.0     638.1    2800.0     634.2    2850.0     633.3
    2900.0     635.4    2950.0     636.1    3000.0     636.3    3050.0     636.4
    3100.0     636.2    3150.0     636.8    3200.0     638.2    3250.0     640.4
    3300.0     644.7    3350.0     649.1    3400.0     657.8    3450.0     664.5
    3500.0     680.4    3550.0     786.1    3600.0     932.1 /
22460   50    1   RM=121.00, SNAKE River
    1   33
    2200.0     838.1    2250.0     740.4    2300.0     712.9    2350.0     708.5
    2400.0     703.2    2450.0     698.7    2500.0     695.7    2550.0     690.8
    2600.0     690.2    2650.0     688.1    2700.0     676.4    2750.0     666.7
    2800.0     654.3    2850.0     645.3    2900.0     639.0    2950.0     633.1
    3000.0     631.0    3050.0     632.7    3100.0     632.1    3150.0     631.5
    3200.0     632.1    3250.0     633.7    3300.0     637.0    3350.0     639.1
    3400.0     642.7    3450.0     647.7    3500.0     657.2    3550.0     670.7
    3600.0     685.3    3650.0     697.8    3700.0     723.5    3750.0     803.9
    3800.0     903.3 /
22470   50    1   RM=121.50, SNAKE River
    1   31
    2300.0     833.1    2350.0     703.9    2400.0     693.2    2450.0     690.8
    2500.0     690.1    2550.0     680.7    2600.0     672.1    2650.0     663.2
    2700.0     653.1    2750.0     647.9    2800.0     642.7    2850.0     638.4
    2900.0     633.2    2950.0     628.5    3000.0     626.1    3050.0     625.9
    3100.0     627.7    3150.0     627.6    3200.0     631.8    3250.0     635.5
    3300.0     640.4    3350.0     645.3    3400.0     654.3    3450.0     656.5
    3500.0     663.5    3550.0     682.5    3600.0     698.0    3650.0     702.3
    3700.0     707.6    3750.0     748.3    3800.0     881.2 /
22480   50    1   RM=122.00, SNAKE River
    1   34
    2150.0     857.0    2200.0     752.8    2250.0     710.6    2300.0     696.4
    2350.0     690.5    2400.0     678.5    2450.0     667.3    2500.0     657.3
    2550.0     649.1    2600.0     643.0    2650.0     639.5    2700.0     639.3
    2750.0     638.1    2800.0     637.1    2850.0     636.9    2900.0     636.5
    2950.0     636.4    3000.0     637.2    3050.0     640.3    3100.0     645.1
    3150.0     652.7    3200.0     660.7    3250.0     668.4    3300.0     677.4
    3350.0     685.9    3400.0     688.6    3450.0     693.1    3500.0     696.7
    3550.0     700.2    3600.0     709.9    3650.0     729.8    3700.0     734.8
    3750.0     798.1    3800.0     933.0 /
22490   50    1   RM=122.50, SNAKE River
    1   38
    1950.0     966.0    2000.0     917.8    2050.0     865.0    2100.0     809.9
    2150.0     732.5    2200.0     692.1    2250.0     686.9    2300.0     680.1
    2350.0     664.2    2400.0     653.7    2450.0     650.9    2500.0     648.4
    2550.0     645.8    2600.0     643.8    2650.0     642.4    2700.0     641.6
    2750.0     640.6    2800.0     640.1    2850.0     640.1    2900.0     641.8
    2950.0     641.5    3000.0     643.9    3050.0     647.7    3100.0     651.4
    3150.0     658.8    3200.0     671.4    3250.0     680.0    3300.0     687.4
    3350.0     693.6    3400.0     701.0    3450.0     707.3    3500.0     711.5
    3550.0     714.2    3600.0     717.9    3650.0     729.1    3700.0     814.8
    3750.0     882.7    3800.0     952.7 /
22500   50    1   RM=123.00, SNAKE River
    1   38
    2000.0     919.1    2050.0     840.4    2100.0     762.4    2150.0     718.3
    2200.0     705.4    2250.0     693.2    2300.0     682.0    2350.0     668.0
    2400.0     658.9    2450.0     654.7    2500.0     653.1    2550.0     652.5
    2600.0     652.5    2650.0     649.1    2700.0     644.8    2750.0     641.6
    2800.0     642.4    2850.0     645.9    2900.0     646.4    2950.0     647.4
    3000.0     648.5    3050.0     649.2    3100.0     650.5    3150.0     652.4
    3200.0     655.7    3250.0     662.2    3300.0     672.3    3350.0     678.5
    3400.0     693.7    3450.0     697.9    3500.0     701.3    3550.0     708.1
    3600.0     711.8    3650.0     714.7    3700.0     717.1    3750.0     719.5
    3800.0     749.8    3850.0     863.3 /
22510   50    1   RM=123.50, SNAKE River
    1   34
    2150.0     896.0    2200.0     776.7    2250.0     725.0    2300.0     712.9
    2350.0     700.8    2400.0     689.4    2450.0     692.4    2500.0     676.0
    2550.0     663.6    2600.0     660.2    2650.0     651.6    2700.0     648.7
    2750.0     646.8    2800.0     644.6    2850.0     644.7    2900.0     644.7
    2950.0     645.5    3000.0     646.0    3050.0     646.2    3100.0     646.4
    3150.0     646.6    3200.0     647.0    3250.0     647.7    3300.0     649.5
    3350.0     651.6    3400.0     653.6    3450.0     659.4    3500.0     668.6
    3550.0     680.6    3600.0     694.2    3650.0     711.2    3700.0     729.3
    3750.0     796.4    3800.0     898.7 /
22520   50    1   RM=124.00, SNAKE River
    1   33
    2250.0     903.9    2300.0     756.3    2350.0     723.2    2400.0     711.9
    2450.0     709.0    2500.0     710.0    2550.0     707.0    2600.0     703.2
    2650.0     698.8    2700.0     687.5    2750.0     669.7    2800.0     656.2
    2850.0     652.8    2900.0     650.5    2950.0     648.6    3000.0     640.7
    3050.0     631.8    3100.0     632.3    3150.0     633.7    3200.0     636.0
    3250.0     641.2    3300.0     643.7    3350.0     646.2    3400.0     649.5
    3450.0     654.0    3500.0     666.3    3550.0     679.0    3600.0     691.1
    3650.0     702.5    3700.0     710.1    3750.0     721.5    3800.0     743.4
    3850.0     845.8 /
22530   50    1   RM=124.50, SNAKE River
    1   34
    2200.0     833.2    2250.0     741.9    2300.0     735.0    2350.0     734.8
    2400.0     732.5    2450.0     728.5    2500.0     722.1    2550.0     711.7
    2600.0     716.8    2650.0     706.8    2700.0     696.9    2750.0     679.0
    2800.0     663.4    2850.0     658.0    2900.0     653.4    2950.0     649.3
    3000.0     642.6    3050.0     639.1    3100.0     639.2    3150.0     639.1
    3200.0     638.6    3250.0     637.7    3300.0     639.7    3350.0     646.1
    3400.0     653.0    3450.0     660.0    3500.0     668.7    3550.0     674.2
    3600.0     671.2    3650.0     680.4    3700.0     691.6    3750.0     714.4
    3800.0     738.8    3850.0     831.4 /
22540   50    1   RM=125.00, SNAKE River
    1   37
    2100.0     934.9    2150.0     781.9    2200.0     732.8    2250.0     730.2
    2300.0     727.3    2350.0     724.1    2400.0     718.7    2450.0     711.5
    2500.0     708.0    2550.0     705.7    2600.0     704.9    2650.0     700.9
    2700.0     680.8    2750.0     667.9    2800.0     670.3    2850.0     660.6
    2900.0     650.6    2950.0     649.2    3000.0     647.7    3050.0     647.7
    3100.0     647.3    3150.0     647.2    3200.0     646.7    3250.0     645.8
    3300.0     644.4    3350.0     643.5    3400.0     646.0    3450.0     651.3
    3500.0     657.6    3550.0     666.3    3600.0     671.9    3650.0     673.0
    3700.0     686.1    3750.0     702.6    3800.0     730.2    3850.0     799.2
    3900.0     939.0 /
22550   50    1   RM=125.50, SNAKE River
    1   37
    2000.0     870.9    2050.0     740.0    2100.0     734.8    2150.0     717.5
    2200.0     707.6    2250.0     703.4    2300.0     700.3    2350.0     699.0
    2400.0     695.1    2450.0     695.0    2500.0     691.7    2550.0     682.9
    2600.0     680.0    2650.0     680.0    2700.0     680.0    2750.0     673.0
    2800.0     663.0    2850.0     659.6    2900.0     657.7    2950.0     655.9
    3000.0     654.1    3050.0     652.1    3100.0     649.7    3150.0     647.4
    3200.0     647.7    3250.0     645.0    3300.0     639.2    3350.0     639.8
    3400.0     642.2    3450.0     643.8    3500.0     648.4    3550.0     653.0
    3600.0     658.5    3650.0     680.5    3700.0     718.6    3750.0     766.0
    3800.0     859.7 /
22560   50    1   RM=126.00, SNAKE River
    1   40
    1900.0     924.4    1950.0     832.1    2000.0     764.3    2050.0     723.7
    2100.0     703.1    2150.0     684.1    2200.0     680.3    2250.0     684.7
    2300.0     687.1    2350.0     689.1    2400.0     690.0    2450.0     690.0
    2500.0     689.5    2550.0     687.9    2600.0     686.3    2650.0     684.3
    2700.0     681.2    2750.0     677.8    2800.0     673.0    2850.0     666.8
    2900.0     655.3    2950.0     643.6    3000.0     636.3    3050.0     634.6
    3100.0     636.7    3150.0     639.9    3200.0     645.2    3250.0     652.7
    3300.0     655.0    3350.0     655.0    3400.0     656.4    3450.0     659.0
    3500.0     662.6    3550.0     667.4    3600.0     672.5    3650.0     679.1
    3700.0     696.8    3750.0     723.8    3800.0     765.0    3850.0     885.5 /
22570   50    1   RM=126.50, SNAKE River
    1   43
    1900.0     958.4    1950.0     896.9    2000.0     810.5    2050.0     738.8
    2100.0     723.5    2150.0     716.4    2200.0     704.8    2250.0     697.1
    2300.0     693.7    2350.0     692.1    2400.0     690.5    2450.0     682.8
    2500.0     671.1    2550.0     664.1    2600.0     662.8    2650.0     660.0
    2700.0     656.4    2750.0     658.1    2800.0     658.9    2850.0     659.8
    2900.0     660.9    2950.0     661.0    3000.0     661.2    3050.0     661.6
    3100.0     661.8    3150.0     661.5    3200.0     661.4    3250.0     661.6
    3300.0     662.3    3350.0     663.7    3400.0     666.8    3450.0     674.9
    3500.0     691.2    3550.0     711.9    3600.0     720.1    3650.0     727.6
    3700.0     733.2    3750.0     738.4    3800.0     743.8    3850.0     745.0
    3900.0     745.0    3950.0     784.5    4000.0     864.6 /
22580   50    1   RM=127.00, SNAKE River
    1   47
    1800.0     929.1    1850.0     790.5    1900.0     743.7    1950.0     733.7
    2000.0     714.8    2050.0     704.6    2100.0     690.2    2150.0     672.9
    2200.0     667.4    2250.0     662.9    2300.0     657.5    2350.0     656.1
    2400.0     651.6    2450.0     651.7    2500.0     653.4    2550.0     655.3
    2600.0     657.9    2650.0     660.0    2700.0     662.0    2750.0     663.6
    2800.0     665.3    2850.0     667.3    2900.0     669.6    2950.0     673.3
    3000.0     677.4    3050.0     681.2    3100.0     684.7    3150.0     688.6
    3200.0     698.4    3250.0     703.4    3300.0     706.8    3350.0     710.1
    3400.0     715.0    3450.0     718.4    3500.0     720.6    3550.0     721.9
    3600.0     723.1    3650.0     724.3    3700.0     725.5    3750.0     726.5
    3800.0     727.6    3850.0     728.7    3900.0     729.9    3950.0     731.6
    4000.0     733.7    4050.0     739.3    4100.0     818.9 /
22590   50    1   RM=127.50, SNAKE River
    1   43
    1800.0     929.6    1850.0     844.0    1900.0     761.4    1950.0     717.9
    2000.0     701.5    2050.0     688.1    2100.0     679.3    2150.0     671.0
    2200.0     663.9    2250.0     662.4    2300.0     658.7    2350.0     653.4
    2400.0     646.7    2450.0     643.5    2500.0     642.6    2550.0     645.6
    2600.0     646.0    2650.0     646.2    2700.0     647.3    2750.0     649.3
    2800.0     652.8    2850.0     656.9    2900.0     665.0    2950.0     680.7
    3000.0     699.5    3050.0     703.7    3100.0     706.7    3150.0     709.5
    3200.0     712.2    3250.0     714.8    3300.0     717.4    3350.0     719.8
    3400.0     722.1    3450.0     724.4    3500.0     725.7    3550.0     727.1
    3600.0     728.5    3650.0     730.0    3700.0     732.3    3750.0     735.1
    3800.0     743.3    3850.0     780.9    3900.0     876.4 /
22600   50    1   RM=128.00, SNAKE River
    1   36
    2000.0     915.5    2050.0     839.4    2100.0     756.5    2150.0     725.6
    2200.0     713.4    2250.0     689.2    2300.0     676.0    2350.0     669.3
    2400.0     663.9    2450.0     658.3    2500.0     656.6    2550.0     659.3
    2600.0     663.7    2650.0     667.0    2700.0     669.7    2750.0     670.0
    2800.0     670.0    2850.0     670.0    2900.0     670.0    2950.0     670.0
    3000.0     670.0    3050.0     670.0    3100.0     670.0    3150.0     670.0
    3200.0     670.0    3250.0     670.1    3300.0     670.1    3350.0     670.0
    3400.0     671.6    3450.0     676.8    3500.0     681.3    3550.0     685.9
    3600.0     693.1    3650.0     717.5    3700.0     755.9    3750.0     921.7 /
22610   50    1   RM=128.50, SNAKE River
    1   37
    2000.0     887.7    2050.0     788.6    2100.0     747.7    2150.0     744.6
    2200.0     741.5    2250.0     737.8    2300.0     733.4    2350.0     729.8
    2400.0     727.1    2450.0     722.9    2500.0     720.3    2550.0     717.5
    2600.0     712.9    2650.0     700.8    2700.0     682.4    2750.0     672.5
    2800.0     670.4    2850.0     668.9    2900.0     667.0    2950.0     666.3
    3000.0     665.9    3050.0     665.5    3100.0     664.5    3150.0     663.0
    3200.0     661.5    3250.0     659.3    3300.0     657.1    3350.0     658.3
    3400.0     660.6    3450.0     664.7    3500.0     668.9    3550.0     672.9
    3600.0     683.6    3650.0     700.7    3700.0     721.3    3750.0     751.3
    3800.0     851.4 /
22620   50    1   RM=129.00, SNAKE River
    1   43
    1900.0     905.4    1950.0     749.1    2000.0     745.3    2050.0     740.6
    2100.0     736.3    2150.0     733.6    2200.0     731.8    2250.0     730.0
    2300.0     727.9    2350.0     725.8    2400.0     721.8    2450.0     718.5
    2500.0     716.3    2550.0     714.1    2600.0     711.6    2650.0     709.6
    2700.0     708.3    2750.0     707.0    2800.0     705.7    2850.0     699.0
    2900.0     692.0    2950.0     684.9    3000.0     679.2    3050.0     676.5
    3100.0     674.1    3150.0     672.3    3200.0     670.4    3250.0     668.6
    3300.0     667.4    3350.0     664.9    3400.0     662.9    3450.0     662.0
    3500.0     660.5    3550.0     659.6    3600.0     660.3    3650.0     661.1
    3700.0     666.0    3750.0     673.9    3800.0     684.9    3850.0     696.0
    3900.0     712.0    3950.0     730.5    4000.0     883.8 /
22630   50    1   RM=129.50, SNAKE River
    1   42
    1950.0     971.8    2000.0     890.6    2050.0     783.1    2100.0     747.7
    2150.0     743.6    2200.0     735.3    2250.0     726.6    2300.0     721.4
    2350.0     717.7    2400.0     713.7    2450.0     707.5    2500.0     697.6
    2550.0     682.9    2600.0     675.1    2650.0     673.3    2700.0     672.7
    2750.0     672.1    2800.0     672.1    2850.0     671.5    2900.0     670.0
    2950.0     668.6    3000.0     667.1    3050.0     664.4    3100.0     662.6
    3150.0     661.1    3200.0     662.1    3250.0     663.0    3300.0     664.5
    3350.0     668.2    3400.0     672.9    3450.0     678.1    3500.0     684.1
    3550.0     691.2    3600.0     697.7    3650.0     710.2    3700.0     714.4
    3750.0     721.5    3800.0     731.1    3850.0     741.8    3900.0     745.0
    3950.0     816.5    4000.0     941.9 /
22640   50    1   RM=130.00, SNAKE River
    1   78
    1500.0     884.8    1550.0     766.7    1600.0     743.2    1650.0     733.7
    1700.0     727.4    1750.0     716.2    1800.0     708.6    1850.0     695.5
    1900.0     688.7    1950.0     682.0    2000.0     678.0    2050.0     674.5
    2100.0     671.4    2150.0     668.8    2200.0     668.4    2250.0     668.5
    2300.0     669.6    2350.0     670.0    2400.0     670.4    2450.0     672.2
    2500.0     673.7    2550.0     675.2    2600.0     676.8    2650.0     678.4
    2700.0     680.0    2750.0     681.2    2800.0     682.4    2850.0     683.6
    2900.0     684.8    2950.0     686.7    3000.0     688.9    3050.0     690.0
    3100.0     690.1    3150.0     690.8    3200.0     691.8    3250.0     692.8
    3300.0     693.8    3350.0     694.8    3400.0     695.1    3450.0     695.1
    3500.0     695.4    3550.0     696.5    3600.0     699.0    3650.0     700.0
    3700.0     700.0    3750.0     705.5    3800.0     710.1    3850.0     714.0
    3900.0     722.2    3950.0     746.0    4000.0     863.2    4050.0     961.1
    4700.0     869.7    4750.0     817.0    4800.0     780.8    4850.0     774.9
    4900.0     801.5    4950.0     814.8    5000.0     806.0    5050.0     794.8
    5100.0     774.6    5150.0     759.2    5200.0     749.2    5250.0     733.7
    5300.0     731.5    5350.0     730.6    5400.0     730.1    5450.0     730.0
    5500.0     731.2    5550.0     734.1    5600.0     735.0    5650.0     735.0
    5700.0     735.0    5750.0     735.0    5800.0     735.6    5850.0     737.8
    5900.0     739.8    5950.0     741.6 /
22650   50    1   RM=130.50, SNAKE River
    1   76
     950.0     914.1    1000.0     811.4    1050.0     739.5    1100.0     719.7
    1150.0     715.0    1200.0     715.0    1250.0     703.5    1300.0     696.9
    1350.0     694.0    1400.0     691.4    1450.0     688.9    1500.0     686.2
    1550.0     683.1    1600.0     679.9    1650.0     677.2    1700.0     674.3
    1750.0     671.3    1800.0     667.9    1850.0     666.6    1900.0     665.7
    1950.0     665.8    2000.0     665.9    2050.0     666.6    2100.0     667.2
    2150.0     668.0    2200.0     670.3    2250.0     673.1    2300.0     676.8
    2350.0     681.7    2400.0     689.2    2450.0     706.0    2500.0     745.7
    2550.0     763.5    2600.0     767.3    2650.0     768.3    2700.0     767.2
    2750.0     764.5    2800.0     760.9    2850.0     757.4    2900.0     753.8
    2950.0     750.8    3000.0     748.6    3050.0     746.7    3100.0     745.1
    3150.0     743.8    3200.0     742.5    3250.0     741.2    3300.0     739.8
    3350.0     737.6    3400.0     735.4    3450.0     732.8    3500.0     730.2
    3550.0     728.7    3600.0     727.5    3650.0     726.3    3700.0     725.2
    3750.0     725.0    3800.0     725.0    3850.0     725.0    3900.0     725.0
    3950.0     725.0    4000.0     726.3    4050.0     728.2    4100.0     730.0
    4150.0     731.2    4200.0     732.3    4250.0     733.4    4300.0     734.4
    4350.0     735.4    4400.0     736.4    4450.0     737.5    4500.0     738.6
    4550.0     740.5    4600.0     753.6    4650.0     840.1    4700.0     943.3 /
22660   50    1   RM=131.00, SNAKE River
    1   76
    1200.0     921.0    1250.0     803.2    1300.0     738.6    1350.0     725.7
    1400.0     723.9    1450.0     717.9    1500.0     710.7    1550.0     697.9
    1600.0     687.5    1650.0     678.5    1700.0     676.1    1750.0     676.4
    1800.0     676.8    1850.0     675.7    1900.0     673.4    1950.0     671.7
    2000.0     670.0    2050.0     668.0    2100.0     667.4    2150.0     667.5
    2200.0     669.6    2250.0     671.0    2300.0     671.4    2350.0     673.5
    2400.0     675.1    2450.0     678.8    2500.0     691.1    2550.0     709.5
    2600.0     744.4    2650.0     775.3    2700.0     806.7    2750.0     818.9
    2800.0     820.4    2850.0     821.2    2900.0     821.6    2950.0     821.3
    3000.0     820.8    3050.0     820.2    3100.0     819.1    3150.0     817.8
    3200.0     816.5    3250.0     815.3    3300.0     813.7    3350.0     811.9
    3400.0     809.6    3450.0     806.1    3500.0     802.3    3550.0     797.6
    3600.0     791.9    3650.0     786.6    3700.0     781.8    3750.0     776.9
    3800.0     771.7    3850.0     767.0    3900.0     761.6    3950.0     755.3
    4000.0     747.6    4050.0     745.0    4100.0     741.5    4150.0     736.0
    4200.0     731.2    4250.0     727.8    4300.0     724.7    4350.0     721.2
    4400.0     720.0    4450.0     720.0    4500.0     720.0    4550.0     720.0
    4600.0     720.9    4650.0     723.3    4700.0     726.7    4750.0     731.9
    4800.0     737.2    4850.0     741.5    4900.0     744.7    4950.0     808.3 /
22670   50    1   RM=131.50, SNAKE River
    1   54
    1700.0     945.9    1750.0     857.5    1800.0     760.8    1850.0     738.2
    1900.0     728.9    1950.0     719.0    2000.0     698.9    2050.0     687.7
    2100.0     680.9    2150.0     676.3    2200.0     671.5    2250.0     668.0
    2300.0     669.2    2350.0     670.5    2400.0     671.6    2450.0     672.0
    2500.0     672.8    2550.0     673.2    2600.0     673.5    2650.0     673.6
    2700.0     674.0    2750.0     674.4    2800.0     674.8    2850.0     676.4
    2900.0     677.6    2950.0     683.2    3000.0     700.4    3050.0     713.0
    3100.0     720.5    3150.0     724.9    3200.0     724.3    3250.0     722.5
    3300.0     720.4    3350.0     721.6    3400.0     723.5    3450.0     725.0
    3500.0     725.0    3550.0     725.0    3600.0     725.2    3650.0     728.8
    3700.0     733.1    3750.0     735.8    3800.0     737.3    3850.0     738.9
    3900.0     740.3    3950.0     741.3    4000.0     742.2    4050.0     743.0
    4100.0     744.0    4150.0     748.6    4200.0     769.7    4250.0     796.6
    4300.0     824.8    4350.0     938.7 /
22680   50    1   RM=132.00, SNAKE River
    1   45
    1850.0     898.0    1900.0     743.3    1950.0     728.8    2000.0     716.7
    2050.0     696.9    2100.0     682.2    2150.0     677.7    2200.0     675.1
    2250.0     668.3    2300.0     664.9    2350.0     665.9    2400.0     667.4
    2450.0     668.0    2500.0     667.8    2550.0     667.5    2600.0     667.8
    2650.0     667.9    2700.0     668.1    2750.0     670.0    2800.0     675.1
    2850.0     686.0    2900.0     706.0    2950.0     713.6    3000.0     715.0
    3050.0     715.0    3100.0     715.0    3150.0     715.0    3200.0     715.0
    3250.0     715.1    3300.0     717.0    3350.0     719.2    3400.0     721.2
    3450.0     723.2    3500.0     725.8    3550.0     732.3    3600.0     742.1
    3650.0     745.0    3700.0     745.0    3750.0     744.8    3800.0     742.0
    3850.0     740.0    3900.0     743.1    3950.0     781.7    4000.0     849.8
    4050.0     919.8 /
22690   50    1   RM=132.50, SNAKE River
    1   35
    1850.0     900.8    1900.0     869.7    1950.0     839.6    2000.0     806.9
    2050.0     767.4    2100.0     733.3    2150.0     717.6    2200.0     698.5
    2250.0     683.0    2300.0     676.3    2350.0     670.3    2400.0     664.7
    2450.0     664.1    2500.0     664.1    2550.0     664.4    2600.0     665.2
    2650.0     667.9    2700.0     670.8    2750.0     673.1    2800.0     675.0
    2850.0     677.7    2900.0     683.3    2950.0     697.9    3000.0     703.7
    3050.0     705.0    3100.0     705.0    3150.0     705.0    3200.0     704.5
    3250.0     700.6    3300.0     700.0    3350.0     701.9    3400.0     707.0
    3450.0     721.2    3500.0     737.0    3550.0     845.4 /
22700   50    1   RM=133.00, SNAKE River
    1   39
    1900.0     928.9    1950.0     863.3    2000.0     797.2    2050.0     753.2
    2100.0     741.2    2150.0     712.1    2200.0     687.6    2250.0     679.6
    2300.0     679.0    2350.0     672.6    2400.0     671.8    2450.0     670.4
    2500.0     669.5    2550.0     669.1    2600.0     669.6    2650.0     669.4
    2700.0     669.9    2750.0     670.2    2800.0     670.7    2850.0     672.8
    2900.0     676.1    2950.0     680.7    3000.0     687.9    3050.0     693.7
    3100.0     697.7    3150.0     700.7    3200.0     702.8    3250.0     704.7
    3300.0     705.0    3350.0     705.0    3400.0     705.0    3450.0     705.0
    3500.0     703.8    3550.0     700.0    3600.0     703.2    3650.0     718.4
    3700.0     736.9    3750.0     822.3    3800.0     924.7 /
22710   50    1   RM=133.50, SNAKE River
    1   42
    1750.0     966.8    1800.0     933.1    1850.0     888.5    1900.0     844.2
    1950.0     799.5    2000.0     756.5    2050.0     753.9    2100.0     752.7
    2150.0     751.6    2200.0     750.4    2250.0     748.7    2300.0     746.7
    2350.0     744.3    2400.0     740.3    2450.0     736.5    2500.0     732.5
    2550.0     727.2    2600.0     725.0    2650.0     720.8    2700.0     713.9
    2750.0     708.3    2800.0     702.8    2850.0     694.5    2900.0     688.9
    2950.0     685.8    3000.0     677.6    3050.0     670.2    3100.0     668.1
    3150.0     667.8    3200.0     667.3    3250.0     669.0    3300.0     669.7
    3350.0     670.1    3400.0     673.4    3450.0     678.8    3500.0     681.8
    3550.0     684.7    3600.0     687.2    3650.0     690.8    3700.0     696.3
    3750.0     715.3    3800.0     807.3 /
22720   50    1   RM=134.00, SNAKE River
    1   46
    1700.0     942.9    1750.0     861.6    1800.0     776.7    1850.0     743.8
    1900.0     741.9    1950.0     740.1    2000.0     738.7    2050.0     737.4
    2100.0     736.0    2150.0     734.3    2200.0     732.1    2250.0     729.8
    2300.0     727.6    2350.0     725.5    2400.0     724.1    2450.0     722.9
    2500.0     721.8    2550.0     720.7    2600.0     719.1    2650.0     716.9
    2700.0     715.5    2750.0     719.8    2800.0     717.4    2850.0     711.8
    2900.0     703.5    2950.0     694.8    3000.0     692.4    3050.0     689.8
    3100.0     685.0    3150.0     682.9    3200.0     681.3    3250.0     680.3
    3300.0     679.5    3350.0     676.3    3400.0     671.8    3450.0     669.5
    3500.0     666.3    3550.0     667.0    3600.0     669.4    3650.0     672.9
    3700.0     678.3    3750.0     683.2    3800.0     689.7    3850.0     707.9
    3900.0     724.0    3950.0     834.0 /
22730   50    1   RM=134.50, SNAKE River
    1   66
    1250.0     815.0    1300.0     744.7    1350.0     744.2    1400.0     743.7
    1450.0     743.2    1500.0     742.7    1550.0     742.3    1600.0     741.9
    1650.0     741.4    1700.0     741.0    1750.0     740.5    1800.0     740.1
    1850.0     740.0    1900.0     738.2    1950.0     735.2    2000.0     731.7
    2050.0     729.4    2100.0     728.4    2150.0     727.5    2200.0     726.6
    2250.0     725.6    2300.0     725.0    2350.0     725.0    2400.0     725.0
    2450.0     725.0    2500.0     724.6    2550.0     723.1    2600.0     721.6
    2650.0     720.0    2700.0     717.0    2750.0     710.6    2800.0     705.2
    2850.0     701.8    2900.0     697.4    2950.0     694.4    3000.0     693.4
    3050.0     692.3    3100.0     691.3    3150.0     690.1    3200.0     686.6
    3250.0     682.8    3300.0     679.8    3350.0     674.1    3400.0     664.1
    3450.0     658.4    3500.0     655.4    3550.0     666.4    3600.0     676.2
    3650.0     683.5    3700.0     689.5    3750.0     697.6    3800.0     702.7
    3850.0     713.0    3900.0     732.1    3950.0     803.0    4000.0     900.5
    4050.0     960.5    4150.0     944.8    4200.0     941.0    4250.0     897.1
    4300.0     841.8    4350.0     790.9    4400.0     749.9    4450.0     795.9
    4500.0     871.0    4550.0     954.8 /
22740   50    1   RM=135.00, SNAKE River
    1   43
    2000.0     948.8    2050.0     888.0    2100.0     825.7    2150.0     765.8
    2200.0     743.5    2250.0     739.5    2300.0     733.7    2350.0     730.1
    2400.0     719.7    2450.0     709.4    2500.0     707.8    2550.0     706.2
    2600.0     703.7    2650.0     697.8    2700.0     690.9    2750.0     690.0
    2800.0     689.7    2850.0     686.8    2900.0     684.5    2950.0     687.0
    3000.0     685.9    3050.0     684.5    3100.0     683.0    3150.0     683.1
    3200.0     684.3    3250.0     684.7    3300.0     682.8    3350.0     681.6
    3400.0     680.3    3450.0     683.7    3500.0     687.9    3550.0     696.8
    3600.0     711.7    3650.0     730.0    3700.0     794.7    3750.0     883.6
    4700.0     926.8    4750.0     895.4    4800.0     859.0    4850.0     827.2
    4900.0     796.3    4950.0     802.2    5000.0     898.2 /
22750   50    1   RM=135.50, SNAKE River
    1   41
    1850.0     933.5    1900.0     881.1    1950.0     828.7    2000.0     776.3
    2050.0     745.8    2100.0     743.3    2150.0     726.7    2200.0     707.6
    2250.0     693.2    2300.0     686.7    2350.0     686.9    2400.0     687.1
    2450.0     687.0    2500.0     686.5    2550.0     685.7    2600.0     684.8
    2650.0     683.8    2700.0     684.3    2750.0     685.4    2800.0     685.8
    2850.0     687.3    2900.0     688.9    2950.0     691.3    3000.0     695.6
    3050.0     699.9    3100.0     700.0    3150.0     700.0    3200.0     700.0
    3250.0     700.0    3300.0     699.8    3350.0     698.3    3400.0     696.9
    3450.0     695.4    3500.0     695.0    3550.0     695.0    3600.0     695.0
    3650.0     695.0    3700.0     695.5    3750.0     710.1    3800.0     723.1
    3850.0     823.0 /
22760   50    1   RM=136.00, SNAKE River
    1   53
    1800.0     916.6    1850.0     864.7    1900.0     803.6    1950.0     747.6
    2000.0     739.5    2050.0     714.5    2100.0     695.3    2150.0     694.9
    2200.0     695.0    2250.0     695.6    2300.0     698.9    2350.0     703.6
    2400.0     706.1    2450.0     707.6    2500.0     709.0    2550.0     709.9
    2600.0     710.0    2650.0     710.0    2700.0     710.0    2750.0     710.0
    2800.0     710.0    2850.0     708.2    2900.0     702.9    2950.0     694.8
    3000.0     686.7    3050.0     678.0    3100.0     675.9    3150.0     678.5
    3200.0     681.7    3250.0     686.9    3300.0     692.6    3350.0     696.4
    3400.0     700.3    3450.0     705.6    3500.0     710.4    3550.0     713.9
    3600.0     715.0    3650.0     715.0    3700.0     715.0    3750.0     715.0
    3800.0     715.0    3850.0     714.9    3900.0     711.9    3950.0     706.8
    4000.0     703.4    4050.0     701.0    4100.0     700.0    4150.0     700.0
    4200.0     706.8    4250.0     719.8    4300.0     727.1    4350.0     789.2
    4400.0     940.2 /
22770   50    1   RM=136.50, SNAKE River
    1   54
    2050.0     898.8    2100.0     827.1    2150.0     756.0    2200.0     731.2
    2250.0     714.0    2300.0     706.0    2350.0     703.1    2400.0     702.2
    2450.0     700.4    2500.0     699.5    2550.0     698.5    2600.0     697.4
    2650.0     696.0    2700.0     694.6    2750.0     693.5    2800.0     692.3
    2850.0     690.9    2900.0     689.4    2950.0     688.3    3000.0     687.5
    3050.0     686.7    3100.0     686.3    3150.0     686.3    3200.0     685.6
    3250.0     686.6    3300.0     690.8    3350.0     696.4    3400.0     702.9
    3450.0     711.7    3500.0     719.3    3550.0     723.7    3600.0     725.1
    3650.0     727.7    3700.0     732.3    3750.0     732.4    3800.0     732.9
    3850.0     736.1    3900.0     737.8    3950.0     739.3    4000.0     740.0
    4050.0     740.0    4100.0     740.0    4150.0     740.0    4200.0     740.0
    4250.0     740.0    4300.0     740.2    4350.0     740.6    4400.0     741.0
    4450.0     741.3    4500.0     741.9    4550.0     742.6    4600.0     743.8
    4650.0     787.6    4700.0     925.4 /
22780   50    1   RM=137.00, SNAKE River
    1   47
    2050.0     884.8    2100.0     793.3    2150.0     755.3    2200.0     745.0
    2250.0     737.2    2300.0     720.7    2350.0     709.7    2400.0     699.8
    2450.0     692.2    2500.0     689.5    2550.0     686.7    2600.0     687.4
    2650.0     686.2    2700.0     686.0    2750.0     686.1    2800.0     686.6
    2850.0     686.9    2900.0     687.7    2950.0     688.8    3000.0     689.5
    3050.0     691.1    3100.0     693.5    3150.0     695.6    3200.0     697.6
    3250.0     701.1    3300.0     712.9    3350.0     710.2    3400.0     711.1
    3450.0     713.5    3500.0     716.9    3550.0     724.4    3600.0     733.7
    3650.0     737.9    3700.0     740.8    3750.0     742.8    3800.0     744.6
    3850.0     745.0    3900.0     745.0    3950.0     745.0    4000.0     745.0
    4050.0     756.7    4100.0     791.5    4150.0     822.9    4200.0     854.9
    4250.0     886.8    4300.0     918.8    4350.0     950.6 /
22790   50    1   RM=137.50, SNAKE River
    1   33
    2100.0     939.3    2150.0     844.3    2200.0     745.5    2250.0     718.2
    2300.0     704.6    2350.0     700.0    2400.0     699.7    2450.0     697.5
    2500.0     690.8    2550.0     682.5    2600.0     679.1    2650.0     679.6
    2700.0     683.2    2750.0     684.9    2800.0     686.8    2850.0     688.4
    2900.0     691.0    2950.0     692.9    3000.0     694.8    3050.0     696.4
    3100.0     697.9    3150.0     699.5    3200.0     701.9    3250.0     704.9
    3300.0     709.3    3350.0     714.6    3400.0     722.3    3450.0     729.1
    3500.0     736.3    3550.0     741.2    3600.0     743.5    3650.0     798.1
    3700.0     913.7 /
22800   50    1   RM=138.00, SNAKE River
    1   41
    1850.0     877.9    1900.0     790.4    1950.0     738.2    2000.0     721.0
    2050.0     708.1    2100.0     698.4    2150.0     694.8    2200.0     694.4
    2250.0     694.5    2300.0     695.3    2350.0     696.4    2400.0     696.4
    2450.0     696.0    2500.0     695.5    2550.0     695.4    2600.0     695.6
    2650.0     696.3    2700.0     697.2    2750.0     697.7    2800.0     698.6
    2850.0     699.8    2900.0     700.9    2950.0     702.0    3000.0     703.0
    3050.0     704.1    3100.0     705.3    3150.0     706.6    3200.0     707.9
    3250.0     709.3    3300.0     710.0    3350.0     710.0    3400.0     710.0
    3450.0     710.0    3500.0     710.0    3550.0     710.0    3600.0     710.0
    3650.0     710.0    3700.0     712.0    3750.0     716.1    3800.0     751.7
    3850.0     916.8 /
22810   50    1   RM=138.50, SNAKE River
    1   48
    1750.0     891.2    1800.0     784.1    1850.0     726.9    1900.0     713.4
    1950.0     714.3    2000.0     715.0    2050.0     715.0    2100.0     715.0
    2150.0     715.0    2200.0     715.0    2250.0     715.0    2300.0     715.0
    2350.0     715.0    2400.0     715.0    2450.0     715.0    2500.0     715.0
    2550.0     715.0    2600.0     715.0    2650.0     714.1    2700.0     710.5
    2750.0     710.0    2800.0     710.0    2850.0     709.4    2900.0     707.6
    2950.0     705.9    3000.0     704.1    3050.0     699.6    3100.0     695.2
    3150.0     690.3    3200.0     690.1    3250.0     692.5    3300.0     695.5
    3350.0     697.6    3400.0     699.4    3450.0     700.2    3500.0     700.9
    3550.0     701.6    3600.0     702.3    3650.0     702.9    3700.0     703.6
    3750.0     704.2    3800.0     705.0    3850.0     707.1    3900.0     709.8
    3950.0     712.4    4000.0     716.6    4050.0     734.0    4100.0     840.5 /
22820   50    1   RM=139.00, SNAKE River
    1   50
    1650.0     924.7    1700.0     868.2    1750.0     811.6    1800.0     755.1
    1850.0     714.4    1900.0     707.8    1950.0     708.9    2000.0     709.6
    2050.0     710.0    2100.0     710.0    2150.0     710.0    2200.0     710.0
    2250.0     710.0    2300.0     710.0    2350.0     709.8    2400.0     708.8
    2450.0     707.6    2500.0     706.4    2550.0     705.7    2600.0     705.7
    2650.0     706.0    2700.0     706.2    2750.0     705.8    2800.0     705.4
    2850.0     704.6    2900.0     703.8    2950.0     703.3    3000.0     703.1
    3050.0     703.0    3100.0     702.5    3150.0     700.3    3200.0     695.9
    3250.0     694.2    3300.0     694.9    3350.0     696.3    3400.0     698.3
    3450.0     701.1    3500.0     703.1    3550.0     707.0    3600.0     715.2
    3650.0     733.6    3700.0     736.2    3750.0     737.2    3800.0     738.2
    3850.0     739.4    3900.0     740.7    3950.0     742.1    4000.0     743.6
    4050.0     760.8    4100.0     900.7 /
22830   50    1   RM=139.20, SNAKE River
    1   40
    1850.0     948.3    1900.0     882.2    1950.0     854.8    2000.0     809.0
    2050.0     737.4    2100.0     723.8    2150.0     713.2    2200.0     710.0
    2250.0     710.3    2300.0     713.6    2350.0     715.0    2400.0     715.0
    2450.0     715.0    2500.0     715.0    2550.0     715.0    2600.0     715.0
    2650.0     714.7    2700.0     713.2    2750.0     711.4    2800.0     709.4
    2850.0     707.2    2900.0     704.9    2950.0     703.1    3000.0     701.0
    3050.0     696.0    3100.0     692.1    3150.0     692.9    3200.0     697.2
    3250.0     702.4    3300.0     715.0    3350.0     728.5    3400.0     731.3
    3450.0     732.3    3500.0     733.2    3550.0     734.1    3600.0     735.1
    3650.0     738.8    3700.0     741.7    3750.0     744.0    3800.0     857.2 /
22840   50    1   RM=139.50, SNAKE River
    1   32
    2050.0     954.7    2100.0     890.7    2150.0     749.0    2200.0     732.9
    2250.0     730.1    2300.0     720.5    2350.0     710.3    2400.0     704.1
    2450.0     702.8    2500.0     703.8    2550.0     704.3    2600.0     704.9
    2650.0     705.1    2700.0     705.2    2750.0     705.1    2800.0     704.3
    2850.0     704.6    2900.0     705.0    2950.0     704.8    3000.0     704.1
    3050.0     701.6    3100.0     700.0    3150.0     699.6    3200.0     700.9
    3250.0     703.5    3300.0     711.0    3350.0     718.1    3400.0     727.5
    3450.0     735.7    3500.0     741.4    3550.0     747.6    3600.0     864.5 /
22850   50    1   RM=140.00, SNAKE River
    1   27
    2300.0     935.3    2350.0     830.7    2400.0     735.8    2450.0     728.2
    2500.0     726.3    2550.0     723.5    2600.0     719.3    2650.0     713.8
    2700.0     706.7    2750.0     698.5    2800.0     689.7    2850.0     685.2
    2900.0     679.7    2950.0     675.4    3000.0     680.4    3050.0     690.2
    3100.0     697.2    3150.0     702.9    3200.0     706.6    3250.0     709.1
    3300.0     712.9    3350.0     717.4    3400.0     721.9    3450.0     728.8
    3500.0     737.2    3550.0     764.5    3600.0     923.0 /
22860   50    1   RM=140.50, SNAKE River
    1   29
    2200.0     815.4    2250.0     730.6    2300.0     722.9    2350.0     721.2
    2400.0     720.1    2450.0     720.0    2500.0     720.0    2550.0     721.1
    2600.0     722.9    2650.0     724.6    2700.0     724.8    2750.0     723.5
    2800.0     722.0    2850.0     720.4    2900.0     716.0    2950.0     709.9
    3000.0     705.9    3050.0     702.9    3100.0     699.5    3150.0     694.6
    3200.0     692.4    3250.0     691.7    3300.0     690.4    3350.0     697.6
    3400.0     707.9    3450.0     720.7    3500.0     723.6    3550.0     758.5
    3600.0     885.8 /
22870   50    1   RM=141.00, SNAKE River
    1   38
    2100.0     941.1    2150.0     810.2    2200.0     758.7    2250.0     750.2
    2300.0     738.9    2350.0     723.3    2400.0     716.2    2450.0     710.3
    2500.0     707.2    2550.0     708.1    2600.0     710.0    2650.0     711.3
    2700.0     714.7    2750.0     719.9    2800.0     722.0    2850.0     723.6
    2900.0     724.9    2950.0     725.0    3000.0     725.0    3050.0     725.0
    3100.0     723.9    3150.0     722.0    3200.0     719.9    3250.0     717.0
    3300.0     712.7    3350.0     705.8    3400.0     700.0    3450.0     699.9
    3500.0     704.6    3550.0     707.1    3600.0     712.3    3650.0     719.0
    3700.0     724.3    3750.0     729.5    3800.0     743.5    3850.0     746.8
    3900.0     840.8    3950.0     949.1 /
22880   50    1   RM=141.50, SNAKE River
    1   33
    2350.0     930.7    2400.0     861.4    2450.0     764.8    2500.0     727.0
    2550.0     718.2    2600.0     715.6    2650.0     713.1    2700.0     708.6
    2750.0     706.7    2800.0     707.5    2850.0     706.5    2900.0     706.3
    2950.0     705.4    3000.0     705.1    3050.0     704.6    3100.0     704.4
    3150.0     704.5    3200.0     706.4    3250.0     709.0    3300.0     714.0
    3350.0     721.9    3400.0     732.4    3450.0     735.5    3500.0     736.2
    3550.0     736.9    3600.0     737.6    3650.0     738.2    3700.0     738.8
    3750.0     739.4    3800.0     740.0    3850.0     741.5    3900.0     744.5
    3950.0     847.4 /
22890   50    1   RM=142.00, SNAKE River
    1   35
    2300.0     884.9    2350.0     850.4    2400.0     781.4    2450.0     765.9
    2500.0     735.7    2550.0     717.2    2600.0     711.8    2650.0     708.0
    2700.0     705.4    2750.0     699.6    2800.0     700.2    2850.0     703.2
    2900.0     706.6    2950.0     709.4    3000.0     711.1    3050.0     715.0
    3100.0     720.6    3150.0     728.1    3200.0     732.2    3250.0     734.6
    3300.0     735.0    3350.0     735.0    3400.0     735.0    3450.0     735.0
    3500.0     734.5    3550.0     733.0    3600.0     731.4    3650.0     730.1
    3700.0     730.0    3750.0     730.9    3800.0     736.4    3850.0     741.8
    3900.0     749.2    3950.0     805.6    4000.0     921.8 /
22900   50    1   RM=142.50, SNAKE River
    1   37
    1850.0     930.2    1900.0     892.4    1950.0     871.2    2000.0     848.9
    2050.0     819.3    2100.0     786.8    2150.0     754.9    2200.0     748.1
    2250.0     745.9    2300.0     737.7    2350.0     724.9    2400.0     716.5
    2450.0     713.3    2500.0     711.3    2550.0     709.2    2600.0     709.2
    2650.0     710.0    2700.0     711.8    2750.0     714.2    2800.0     716.4
    2850.0     718.0    2900.0     719.3    2950.0     720.4    3000.0     721.1
    3050.0     721.9    3100.0     722.6    3150.0     723.3    3200.0     724.1
    3250.0     724.9    3300.0     726.4    3350.0     728.1    3400.0     729.8
    3450.0     732.8    3500.0     740.7    3550.0     748.2    3600.0     754.9
    3650.0     879.8 /
22910   50    1   RM=143.00, SNAKE River
    1   35
    1900.0     961.7    1950.0     894.9    2000.0     825.6    2050.0     766.7
    2100.0     760.4    2150.0     756.6    2200.0     753.0    2250.0     749.5
    2300.0     745.3    2350.0     735.1    2400.0     735.0    2450.0     734.6
    2500.0     732.7    2550.0     731.0    2600.0     728.5    2650.0     724.2
    2700.0     720.3    2750.0     718.0    2800.0     716.9    2850.0     716.5
    2900.0     715.8    2950.0     715.2    3000.0     714.8    3050.0     714.0
    3100.0     710.8    3150.0     711.7    3200.0     709.4    3250.0     707.8
    3300.0     706.7    3350.0     707.9    3400.0     711.8    3450.0     736.2
    3500.0     778.7    3550.0     855.9    3600.0     955.7 /
22920   50    1   RM=143.50, SNAKE River
    1   39
    1850.0     943.6    1900.0     900.2    1950.0     884.0    2000.0     866.3
    2050.0     850.1    2100.0     832.0    2150.0     811.1    2200.0     787.8
    2250.0     763.4    2300.0     752.0    2350.0     750.0    2400.0     750.0
    2450.0     747.2    2500.0     738.9    2550.0     737.6    2600.0     736.2
    2650.0     734.1    2700.0     730.7    2750.0     728.9    2800.0     727.8
    2850.0     726.6    2900.0     725.4    2950.0     721.9    3000.0     716.6
    3050.0     715.1    3100.0     714.9    3150.0     715.4    3200.0     715.8
    3250.0     716.8    3300.0     717.0    3350.0     716.7    3400.0     717.2
    3450.0     718.2    3500.0     721.0    3550.0     730.6    3600.0     742.0
    3650.0     746.9    3700.0     749.2    3750.0     887.4 /
22930   50    1   RM=144.00, SNAKE River
    1   33
    1900.0     924.4    1950.0     852.4    2000.0     776.6    2050.0     763.0
    2100.0     760.7    2150.0     758.2    2200.0     755.5    2250.0     753.2
    2300.0     750.4    2350.0     747.6    2400.0     740.2    2450.0     738.2
    2500.0     736.3    2550.0     734.0    2600.0     730.0    2650.0     725.3
    2700.0     720.3    2750.0     716.3    2800.0     714.6    2850.0     713.8
    2900.0     712.8    2950.0     712.0    3000.0     711.9    3050.0     711.9
    3100.0     713.7    3150.0     715.9    3200.0     717.9    3250.0     721.6
    3300.0     725.6    3350.0     734.9    3400.0     748.0    3450.0     761.2
    3500.0     937.7 /
22940   50    1   RM=144.50, SNAKE River
    1   32
    2000.0     905.5    2050.0     837.7    2100.0     775.2    2150.0     761.8
    2200.0     758.6    2250.0     755.6    2300.0     753.1    2350.0     750.5
    2400.0     744.8    2450.0     737.9    2500.0     734.3    2550.0     733.1
    2600.0     732.0    2650.0     730.7    2700.0     729.4    2750.0     728.2
    2800.0     726.9    2850.0     725.7    2900.0     724.4    2950.0     723.2
    3000.0     721.7    3050.0     719.9    3100.0     717.5    3150.0     716.8
    3200.0     715.2    3250.0     715.2    3300.0     718.1    3350.0     722.5
    3400.0     730.0    3450.0     740.7    3500.0     752.9    3550.0     854.1 /
22950   50    1   RM=145.00, SNAKE River
    1   38
    1950.0     809.5    2000.0     768.7    2050.0     762.7    2100.0     759.0
    2150.0     755.9    2200.0     754.5    2250.0     753.3    2300.0     752.2
    2350.0     750.2    2400.0     746.5    2450.0     740.6    2500.0     735.5
    2550.0     725.7    2600.0     722.1    2650.0     718.5    2700.0     717.0
    2750.0     716.4    2800.0     716.1    2850.0     716.4    2900.0     716.4
    2950.0     717.0    3000.0     718.1    3050.0     721.0    3100.0     724.6
    3150.0     728.1    3200.0     734.0    3250.0     739.6    3300.0     740.0
    3350.0     738.3    3400.0     740.0    3450.0     737.9    3500.0     742.4
    3550.0     753.2    3600.0     757.4    3650.0     763.3    3700.0     817.6
    3750.0     879.8    3800.0     931.7 /
22960   50    1   RM=145.50, SNAKE River
    1   44
    2150.0     843.4    2200.0     800.2    2250.0     760.6    2300.0     730.6
    2350.0     725.9    2400.0     725.3    2450.0     724.9    2500.0     724.9
    2550.0     725.0    2600.0     726.1    2650.0     726.5    2700.0     726.7
    2750.0     727.0    2800.0     727.1    2850.0     727.4    2900.0     727.9
    2950.0     728.2    3000.0     728.5    3050.0     728.9    3100.0     729.3
    3150.0     729.7    3200.0     730.0    3250.0     738.4    3300.0     750.7
    3350.0     753.8    3400.0     756.6    3450.0     759.0    3500.0     761.1
    3550.0     763.1    3600.0     765.4    3650.0     768.2    3700.0     770.3
    3750.0     771.6    3800.0     773.1    3850.0     774.6    3900.0     777.1
    3950.0     780.2    4000.0     783.5    4050.0     786.6    4100.0     789.8
    4150.0     793.3    4200.0     797.5    4250.0     870.8    4300.0     964.6 /
22970   50    1   RM=146.00, SNAKE River
    1   37
    2350.0     877.0    2400.0     781.4    2450.0     733.0    2500.0     724.8
    2550.0     723.4    2600.0     720.6    2650.0     719.4    2700.0     718.2
    2750.0     717.7    2800.0     718.0    2850.0     719.2    2900.0     726.6
    2950.0     728.4    3000.0     729.2    3050.0     731.2    3100.0     733.6
    3150.0     735.9    3200.0     738.2    3250.0     741.1    3300.0     745.5
    3350.0     748.6    3400.0     751.6    3450.0     754.5    3500.0     756.3
    3550.0     758.0    3600.0     759.6    3650.0     761.7    3700.0     764.1
    3750.0     767.7    3800.0     772.5    3850.0     778.9    3900.0     784.1
    3950.0     787.6    4000.0     791.1    4050.0     795.4    4100.0     800.9
    4150.0     889.6 /
22980   50    1   RM=146.50, SNAKE River
    1   36
    2400.0     894.6    2450.0     807.9    2500.0     767.4    2550.0     748.5
    2600.0     735.9    2650.0     730.5    2700.0     726.0    2750.0     723.3
    2800.0     719.9    2850.0     719.1    2900.0     719.4    2950.0     720.3
    3000.0     720.4    3050.0     722.3    3100.0     723.6    3150.0     725.5
    3200.0     727.6    3250.0     732.1    3300.0     739.0    3350.0     745.7
    3400.0     748.3    3450.0     750.8    3500.0     753.1    3550.0     759.0
    3600.0     776.1    3650.0     794.4    3700.0     812.6    3750.0     830.7
    3800.0     848.9    3850.0     867.1    3900.0     883.8    3950.0     898.9
    4000.0     912.1    4050.0     924.5    4100.0     936.5    4150.0     943.1 /
22990   50    1   RM=147.00, SNAKE River
    1   40
    2250.0     911.9    2300.0     813.9    2350.0     765.5    2400.0     757.0
    2450.0     737.7    2500.0     733.7    2550.0     732.3    2600.0     731.1
    2650.0     730.5    2700.0     730.5    2750.0     731.5    2800.0     729.6
    2850.0     728.4    2900.0     727.8    2950.0     727.4    3000.0     727.1
    3050.0     727.3    3100.0     728.1    3150.0     730.2    3200.0     732.5
    3250.0     734.8    3300.0     739.2    3350.0     745.2    3400.0     747.8
    3450.0     749.7    3500.0     750.0    3550.0     750.0    3600.0     750.0
    3650.0     750.0    3700.0     749.5    3750.0     746.9    3800.0     745.1
    3850.0     745.0    3900.0     745.0    3950.0     751.4    4000.0     767.9
    4050.0     801.1    4100.0     847.1    4150.0     904.3    4200.0     958.9 /
23000   50    1   RM=147.50, SNAKE River
    1   31
    2250.0     901.4    2300.0     798.8    2350.0     780.0    2400.0     775.4
    2450.0     771.6    2500.0     767.9    2550.0     764.0    2600.0     758.1
    2650.0     749.3    2700.0     744.1    2750.0     742.2    2800.0     740.1
    2850.0     735.6    2900.0     734.2    2950.0     733.1    3000.0     731.5
    3050.0     729.3    3100.0     728.1    3150.0     727.9    3200.0     727.8
    3250.0     728.0    3300.0     729.7    3350.0     731.6    3400.0     733.7
    3450.0     735.6    3500.0     737.2    3550.0     738.9    3600.0     746.8
    3650.0     809.5    3700.0     885.1    3750.0     931.1 /
23010   50    1   RM=148.00, SNAKE River
    1   32
    2150.0     915.2    2200.0     796.9    2250.0     777.4    2300.0     774.2
    2350.0     771.8    2400.0     769.3    2450.0     766.7    2500.0     764.1
    2550.0     761.6    2600.0     756.6    2650.0     748.8    2700.0     743.8
    2750.0     741.5    2800.0     739.6    2850.0     738.4    2900.0     737.1
    2950.0     735.9    3000.0     734.7    3050.0     733.5    3100.0     732.4
    3150.0     731.2    3200.0     730.3    3250.0     728.8    3300.0     727.3
    3350.0     727.9    3400.0     727.3    3450.0     728.3    3500.0     738.2
    3550.0     760.6    3600.0     785.5    3650.0     883.2    3700.0     965.8 /
23020   50    1   RM=148.50, SNAKE River
    1   30
    2350.0     925.0    2400.0     862.6    2450.0     821.6    2500.0     782.1
    2550.0     769.8    2600.0     763.0    2650.0     756.0    2700.0     751.7
    2750.0     747.6    2800.0     742.9    2850.0     739.3    2900.0     737.4
    2950.0     735.5    3000.0     733.6    3050.0     732.4    3100.0     731.7
    3150.0     731.7    3200.0     731.7    3250.0     731.9    3300.0     733.1
    3350.0     735.5    3400.0     737.2    3450.0     738.7    3500.0     739.8
    3550.0     740.0    3600.0     740.2    3650.0     749.9    3700.0     764.5
    3750.0     780.8    3800.0     864.4 /
23030   50    1   RM=149.00, SNAKE River
    1   39
    2350.0     943.0    2400.0     871.0    2450.0     797.1    2500.0     781.0
    2550.0     764.7    2600.0     751.0    2650.0     745.3    2700.0     743.3
    2750.0     742.1    2800.0     740.5    2850.0     734.8    2900.0     733.5
    2950.0     733.9    3000.0     735.0    3050.0     736.6    3100.0     738.4
    3150.0     737.6    3200.0     737.7    3250.0     738.2    3300.0     739.2
    3350.0     740.1    3400.0     740.9    3450.0     741.7    3500.0     742.2
    3550.0     742.4    3600.0     743.1    3650.0     744.2    3700.0     745.4
    3750.0     749.4    3800.0     754.9    3850.0     750.8    3900.0     749.4
    3950.0     749.2    4000.0     749.0    4050.0     747.9    4100.0     745.6
    4150.0     757.2    4200.0     796.0    4250.0     917.4 /
23040   50    1   RM=149.50, SNAKE River
    1   36
    2350.0     918.5    2400.0     850.9    2450.0     794.6    2500.0     765.4
    2550.0     752.7    2600.0     745.8    2650.0     741.4    2700.0     739.5
    2750.0     739.9    2800.0     741.3    2850.0     742.4    2900.0     743.1
    2950.0     743.2    3000.0     743.1    3050.0     743.1    3100.0     742.6
    3150.0     741.7    3200.0     741.6    3250.0     742.2    3300.0     744.8
    3350.0     747.3    3400.0     750.0    3450.0     751.5    3500.0     752.8
    3550.0     754.0    3600.0     756.5    3650.0     764.3    3700.0     766.0
    3750.0     766.9    3800.0     767.7    3850.0     768.4    3900.0     769.1
    3950.0     769.8    4000.0     781.5    4050.0     797.9    4100.0     873.5 /
23050   50    1   RM=150.00, SNAKE River
    1   33
    2450.0     892.0    2500.0     852.0    2550.0     817.7    2600.0     792.6
    2650.0     754.3    2700.0     741.8    2750.0     734.1    2800.0     731.6
    2850.0     733.6    2900.0     730.1    2950.0     730.7    3000.0     736.1
    3050.0     739.2    3100.0     741.2    3150.0     743.3    3200.0     745.4
    3250.0     747.6    3300.0     750.1    3350.0     759.4    3400.0     765.0
    3450.0     766.0    3500.0     766.9    3550.0     767.8    3600.0     768.6
    3650.0     769.5    3700.0     772.4    3750.0     778.4    3800.0     785.4
    3850.0     795.3    3900.0     808.0    3950.0     828.5    4000.0     892.5
    4050.0     952.0 /
23060   50    1   RM=150.50, SNAKE River
    1   38
    2350.0     944.1    2400.0     918.0    2450.0     886.8    2500.0     851.7
    2550.0     816.1    2600.0     781.7    2650.0     754.0    2700.0     747.2
    2750.0     743.0    2800.0     739.5    2850.0     734.0    2900.0     728.1
    2950.0     729.5    3000.0     732.7    3050.0     735.4    3100.0     737.1
    3150.0     740.4    3200.0     743.5    3250.0     746.0    3300.0     751.3
    3350.0     757.3    3400.0     762.6    3450.0     766.4    3500.0     770.5
    3550.0     771.3    3600.0     772.1    3650.0     772.9    3700.0     773.8
    3750.0     774.5    3800.0     776.0    3850.0     778.4    3900.0     781.1
    3950.0     784.7    4000.0     795.5    4050.0     808.1    4100.0     822.4
    4150.0     876.3    4200.0     938.2 /
23070   50    1   RM=151.00, SNAKE River
    1   28
    2200.0     954.8    2250.0     922.1    2300.0     880.9    2350.0     835.0
    2400.0     793.0    2450.0     785.0    2500.0     774.1    2550.0     772.0
    2600.0     765.8    2650.0     757.1    2700.0     746.7    2750.0     740.4
    2800.0     736.7    2850.0     736.3    2900.0     736.1    2950.0     735.5
    3000.0     735.1    3050.0     734.9    3100.0     736.1    3150.0     737.6
    3200.0     740.3    3250.0     743.4    3300.0     747.1    3350.0     751.5
    3400.0     755.2    3450.0     761.2    3500.0     778.4    3550.0     884.7 /
23080   50    1   RM=151.50, SNAKE River
    1   36
    1950.0     946.7    2000.0     881.0    2050.0     821.2    2100.0     804.0
    2150.0     800.8    2200.0     797.8    2250.0     794.7    2300.0     791.1
    2350.0     787.9    2400.0     785.3    2450.0     782.8    2500.0     780.2
    2550.0     774.6    2600.0     767.9    2650.0     760.9    2700.0     754.9
    2750.0     751.0    2800.0     748.5    2850.0     746.5    2900.0     744.5
    2950.0     743.1    3000.0     741.7    3050.0     740.0    3100.0     738.9
    3150.0     740.4    3200.0     742.5    3250.0     745.2    3300.0     747.2
    3350.0     749.3    3400.0     755.1    3450.0     763.7    3500.0     778.7
    3550.0     793.5    3600.0     806.5    3650.0     832.8    3700.0     944.8 /
23090   50    1   RM=152.00, SNAKE River
    1   33
    2150.0     957.0    2200.0     901.4    2250.0     832.1    2300.0     790.7
    2350.0     777.1    2400.0     771.8    2450.0     768.4    2500.0     764.1
    2550.0     756.9    2600.0     752.4    2650.0     749.6    2700.0     748.8
    2750.0     748.1    2800.0     747.3    2850.0     747.1    2900.0     747.8
    2950.0     748.1    3000.0     747.7    3050.0     747.5    3100.0     747.0
    3150.0     745.4    3200.0     745.2    3250.0     746.1    3300.0     748.3
    3350.0     750.2    3400.0     751.8    3450.0     753.4    3500.0     757.2
    3550.0     768.1    3600.0     783.4    3650.0     795.4    3700.0     826.7
    3750.0     885.7 /
23100   50    1   RM=152.50, SNAKE River
    1   36
    2300.0     926.9    2350.0     878.9    2400.0     850.2    2450.0     805.9
    2500.0     770.7    2550.0     759.1    2600.0     753.8    2650.0     752.1
    2700.0     749.4    2750.0     747.5    2800.0     747.3    2850.0     747.7
    2900.0     748.0    2950.0     748.8    3000.0     749.7    3050.0     750.4
    3100.0     751.3    3150.0     751.9    3200.0     752.7    3250.0     753.7
    3300.0     755.0    3350.0     760.0    3400.0     765.8    3450.0     772.6
    3500.0     781.0    3550.0     784.9    3600.0     787.8    3650.0     790.4
    3700.0     793.1    3750.0     796.4    3800.0     800.8    3850.0     805.5
    3900.0     809.0    3950.0     814.0    4000.0     818.0    4050.0     827.2 /
23110   50    1   RM=153.00, SNAKE River
    1   37
    2200.0     889.7    2250.0     843.8    2300.0     828.7    2350.0     805.1
    2400.0     787.0    2450.0     770.3    2500.0     760.0    2550.0     758.4
    2600.0     757.0    2650.0     755.7    2700.0     754.3    2750.0     753.1
    2800.0     751.8    2850.0     750.1    2900.0     750.0    2950.0     750.9
    3000.0     750.6    3050.0     751.0    3100.0     751.1    3150.0     752.0
    3200.0     753.0    3250.0     754.7    3300.0     756.4    3350.0     758.1
    3400.0     760.4    3450.0     768.9    3500.0     778.0    3550.0     784.0
    3600.0     788.0    3650.0     791.9    3700.0     796.4    3750.0     802.1
    3800.0     809.7    3850.0     822.3    3900.0     837.5    3950.0     859.7
    4000.0     924.8 /
23120   50    1   RM=153.50, SNAKE River
    1   33
    1950.0     963.8    2000.0     935.3    2050.0     902.4    2100.0     869.1
    2150.0     843.6    2200.0     826.5    2250.0     820.7    2300.0     815.4
    2350.0     809.5    2400.0     803.5    2450.0     795.9    2500.0     789.3
    2550.0     783.9    2600.0     779.5    2650.0     769.1    2700.0     759.3
    2750.0     753.9    2800.0     747.6    2850.0     743.5    2900.0     742.0
    2950.0     743.0    3000.0     743.7    3050.0     744.3    3100.0     744.9
    3150.0     745.8    3200.0     748.0    3250.0     753.2    3300.0     759.2
    3350.0     766.6    3400.0     771.6    3450.0     784.3    3500.0     807.6
    3550.0     876.7 /
23130   50    1   RM=154.00, SNAKE River
    1   31
    2150.0     956.9    2200.0     882.6    2250.0     821.4    2300.0     806.3
    2350.0     805.0    2400.0     805.0    2450.0     802.6    2500.0     799.0
    2550.0     794.3    2600.0     779.6    2650.0     764.4    2700.0     757.5
    2750.0     753.3    2800.0     747.1    2850.0     743.8    2900.0     742.8
    2950.0     742.7    3000.0     742.4    3050.0     742.4    3100.0     742.6
    3150.0     746.9    3200.0     750.6    3250.0     759.4    3300.0     768.6
    3350.0     775.5    3400.0     781.2    3450.0     782.7    3500.0     784.2
    3550.0     791.6    3600.0     863.7    3650.0     961.4 /
23140   50    1   RM=154.50, SNAKE River
    1   31
    2250.0     837.6    2300.0     833.8    2350.0     832.1    2400.0     827.5
    2450.0     811.4    2500.0     806.4    2550.0     798.6    2600.0     792.8
    2650.0     789.6    2700.0     786.6    2750.0     778.8    2800.0     765.5
    2850.0     760.3    2900.0     756.4    2950.0     753.0    3000.0     749.1
    3050.0     748.3    3100.0     747.8    3150.0     748.0    3200.0     749.2
    3250.0     751.4    3300.0     753.2    3350.0     755.2    3400.0     757.3
    3450.0     759.4    3500.0     764.4    3550.0     775.4    3600.0     797.1
    3650.0     820.3    3700.0     865.9    3750.0     940.8 /
23150   50    1   RM=155.00, SNAKE River
    1   34
    2400.0     900.1    2450.0     861.6    2500.0     822.4    2550.0     791.6
    2600.0     775.7    2650.0     767.2    2700.0     762.5    2750.0     758.2
    2800.0     754.8    2850.0     752.0    2900.0     750.1    2950.0     749.8
    3000.0     750.5    3050.0     751.0    3100.0     751.4    3150.0     752.2
    3200.0     753.9    3250.0     756.0    3300.0     759.1    3350.0     762.7
    3400.0     766.5    3450.0     770.9    3500.0     778.0    3550.0     785.8
    3600.0     790.2    3650.0     795.7    3700.0     801.7    3750.0     807.6
    3800.0     817.9    3850.0     832.2    3900.0     842.6    3950.0     850.6
    4000.0     861.7    4050.0     922.3 /
23160   50    1   RM=155.50, SNAKE River
    1   40
    2100.0     938.9    2150.0     857.4    2200.0     839.2    2250.0     827.4
    2300.0     822.4    2350.0     820.4    2400.0     818.8    2450.0     814.9
    2500.0     811.0    2550.0     805.8    2600.0     800.0    2650.0     796.0
    2700.0     792.2    2750.0     786.7    2800.0     781.8    2850.0     776.6
    2900.0     771.8    2950.0     766.2    3000.0     761.5    3050.0     756.2
    3100.0     752.7    3150.0     751.0    3200.0     748.8    3250.0     747.3
    3300.0     747.6    3350.0     748.4    3400.0     750.1    3450.0     753.2
    3500.0     756.5    3550.0     764.7    3600.0     785.4    3650.0     802.8
    3700.0     809.8    3750.0     816.3    3800.0     821.3    3850.0     826.1
    3900.0     830.9    3950.0     836.5    4000.0     870.5    4050.0     945.7 /
23170   50    1   RM=156.00, SNAKE River
    1   35
    2000.0     898.6    2050.0     844.8    2100.0     814.8    2150.0     797.3
    2200.0     780.2    2250.0     765.0    2300.0     755.0    2350.0     752.9
    2400.0     750.2    2450.0     750.6    2500.0     751.2    2550.0     751.6
    2600.0     751.9    2650.0     753.7    2700.0     756.2    2750.0     760.7
    2800.0     766.3    2850.0     776.1    2900.0     782.9    2950.0     786.5
    3000.0     789.5    3050.0     790.0    3100.0     790.0    3150.0     790.0
    3200.0     790.0    3250.0     790.4    3300.0     791.4    3350.0     792.6
    3400.0     796.0    3450.0     801.7    3500.0     806.3    3550.0     815.5
    3600.0     823.4    3650.0     841.0    3700.0     927.9 /
23180   50    1   RM=156.50, SNAKE River
    1   37
    2100.0     974.3    2150.0     928.1    2200.0     878.5    2250.0     830.3
    2300.0     802.3    2350.0     782.2    2400.0     765.8    2450.0     759.3
    2500.0     756.1    2550.0     753.4    2600.0     752.7    2650.0     752.8
    2700.0     754.8    2750.0     756.7    2800.0     758.0    2850.0     759.3
    2900.0     761.8    2950.0     765.6    3000.0     775.7    3050.0     785.0
    3100.0     786.8    3150.0     788.2    3200.0     789.3    3250.0     790.0
    3300.0     790.0    3350.0     790.0    3400.0     790.0    3450.0     790.0
    3500.0     790.0    3550.0     790.0    3600.0     790.0    3650.0     790.0
    3700.0     792.6    3750.0     798.2    3800.0     807.2    3850.0     819.1
    3900.0     891.4 /
23190   50    1   RM=157.00, SNAKE River
    1   31
    2400.0     965.8    2450.0     924.5    2500.0     881.2    2550.0     844.4
    2600.0     813.4    2650.0     779.3    2700.0     765.7    2750.0     757.2
    2800.0     754.2    2850.0     754.2    2900.0     755.4    2950.0     755.9
    3000.0     756.5    3050.0     757.7    3100.0     760.3    3150.0     763.5
    3200.0     766.4    3250.0     771.0    3300.0     775.4    3350.0     779.1
    3400.0     783.7    3450.0     790.1    3500.0     792.3    3550.0     794.2
    3600.0     795.6    3650.0     796.7    3700.0     797.8    3750.0     798.9
    3800.0     802.7    3850.0     829.6    3900.0     928.2 /
23200   50    1   RM=157.50, SNAKE River
    1   29
    2200.0     862.0    2250.0     820.4    2300.0     810.5    2350.0     796.7
    2400.0     784.0    2450.0     780.0    2500.0     780.0    2550.0     780.0
    2600.0     779.6    2650.0     774.3    2700.0     769.1    2750.0     766.8
    2800.0     764.5    2850.0     761.5    2900.0     759.9    2950.0     758.5
    3000.0     758.2    3050.0     758.9    3100.0     757.8    3150.0     760.2
    3200.0     762.5    3250.0     768.1    3300.0     774.3    3350.0     775.6
    3400.0     789.3    3450.0     809.2    3500.0     836.3    3550.0     877.8
    3600.0     931.8 /
23210   50    1   RM=158.00, SNAKE River
    1   28
    2100.0     946.3    2150.0     869.6    2200.0     830.0    2250.0     830.0
    2300.0     830.0    2350.0     821.3    2400.0     801.6    2450.0     796.7
    2500.0     788.3    2550.0     775.8    2600.0     769.2    2650.0     767.0
    2700.0     764.4    2750.0     762.4    2800.0     761.2    2850.0     760.7
    2900.0     760.8    2950.0     760.8    3000.0     760.9    3050.0     759.7
    3100.0     760.8    3150.0     764.3    3200.0     770.2    3250.0     782.2
    3300.0     790.4    3350.0     804.4    3400.0     829.8    3450.0     934.3 /
23220   50    1   RM=158.50, SNAKE River
    1   27
    2250.0     950.4    2300.0     896.4    2350.0     847.7    2400.0     807.8
    2450.0     784.1    2500.0     777.3    2550.0     769.1    2600.0     765.2
    2650.0     761.6    2700.0     757.9    2750.0     758.5    2800.0     760.1
    2850.0     761.1    2900.0     762.2    2950.0     764.9    3000.0     768.2
    3050.0     775.5    3100.0     780.0    3150.0     780.0    3200.0     780.0
    3250.0     780.0    3300.0     781.0    3350.0     797.7    3400.0     807.8
    3450.0     816.6    3500.0     830.2    3550.0     903.3 /
23230   50    1   RM=159.00, SNAKE River
    1   26
    2300.0     941.5    2350.0     850.1    2400.0     842.9    2450.0     836.7
    2500.0     828.5    2550.0     818.7    2600.0     810.9    2650.0     800.7
    2700.0     786.6    2750.0     776.6    2800.0     764.5    2850.0     754.0
    2900.0     752.8    2950.0     754.4    3000.0     755.4    3050.0     757.0
    3100.0     757.7    3150.0     765.3    3200.0     770.3    3250.0     776.1
    3300.0     783.4    3350.0     797.8    3400.0     809.0    3450.0     828.2
    3500.0     853.3    3550.0     960.8 /
23240   50    1   RM=159.50, SNAKE River
    1   37
    1950.0     964.5    2000.0     946.8    2050.0     919.5    2100.0     896.1
    2150.0     865.1    2200.0     839.5    2250.0     827.7    2300.0     813.2
    2350.0     790.7    2400.0     780.0    2450.0     773.7    2500.0     772.4
    2550.0     770.5    2600.0     765.5    2650.0     758.8    2700.0     754.3
    2750.0     752.1    2800.0     754.6    2850.0     763.2    2900.0     775.0
    2950.0     779.8    3000.0     780.0    3050.0     780.0    3100.0     780.0
    3150.0     780.0    3200.0     780.0    3250.0     780.0    3300.0     780.0
    3350.0     776.3    3400.0     772.9    3450.0     769.9    3500.0     772.5
    3550.0     787.5    3600.0     802.6    3650.0     818.3    3700.0     855.0
    3750.0     929.8 /
23250   50    1   RM=160.00, SNAKE River
    1   41
    2000.0     962.9    2050.0     932.3    2100.0     894.3    2150.0     873.9
    2200.0     853.8    2250.0     836.0    2300.0     824.5    2350.0     819.3
    2400.0     816.6    2450.0     813.5    2500.0     810.5    2550.0     808.5
    2600.0     807.2    2650.0     805.8    2700.0     805.0    2750.0     802.8
    2800.0     799.1    2850.0     796.1    2900.0     789.8    2950.0     780.9
    3000.0     773.9    3050.0     771.6    3100.0     770.8    3150.0     770.3
    3200.0     770.2    3250.0     770.0    3300.0     770.3    3350.0     770.1
    3400.0     769.9    3450.0     769.4    3500.0     769.8    3550.0     774.2
    3600.0     781.3    3650.0     792.2    3700.0     806.5    3750.0     818.8
    3800.0     825.9    3850.0     834.6    3900.0     848.5    3950.0     862.6
    4000.0     925.7 /
23260   50    1   RM=160.50, SNAKE River
    1   39
    2100.0     960.3    2150.0     939.4    2200.0     919.2    2250.0     899.0
    2300.0     873.2    2350.0     848.0    2400.0     835.7    2450.0     829.0
    2500.0     821.1    2550.0     814.1    2600.0     807.8    2650.0     800.3
    2700.0     795.6    2750.0     790.3    2800.0     785.3    2850.0     781.9
    2900.0     778.5    2950.0     777.4    3000.0     775.4    3050.0     769.1
    3100.0     765.0    3150.0     763.4    3200.0     763.3    3250.0     763.2
    3300.0     763.9    3350.0     757.9    3400.0     761.9    3450.0     767.5
    3500.0     770.3    3550.0     769.9    3600.0     771.7    3650.0     775.2
    3700.0     779.0    3750.0     783.1    3800.0     787.1    3850.0     799.0
    3900.0     830.8    3950.0     860.3    4000.0     902.1 /
23270   50    1   RM=161.00, SNAKE River
    1   40
    2350.0     957.4    2400.0     909.8    2450.0     867.7    2500.0     845.4
    2550.0     829.3    2600.0     817.1    2650.0     807.6    2700.0     790.8
    2750.0     783.5    2800.0     780.4    2850.0     775.7    2900.0     773.6
    2950.0     774.3    3000.0     774.5    3050.0     773.4    3100.0     773.5
    3150.0     773.6    3200.0     775.4    3250.0     776.8    3300.0     779.0
    3350.0     781.1    3400.0     785.9    3450.0     799.7    3500.0     810.4
    3550.0     815.6    3600.0     819.7    3650.0     823.3    3700.0     826.8
    3750.0     830.4    3800.0     835.7    3850.0     841.1    3900.0     846.9
    3950.0     863.2    4000.0     874.1    4050.0     862.7    4100.0     867.9
    4150.0     874.2    4200.0     883.5    4250.0     896.7    4300.0     927.0 /
23280   50    1   RM=161.50, SNAKE River
    1   49
    2300.0     964.7    2350.0     880.6    2400.0     859.6    2450.0     847.7
    2500.0     821.5    2550.0     800.5    2600.0     785.3    2650.0     781.2
    2700.0     776.9    2750.0     764.2    2800.0     748.9    2850.0     744.8
    2900.0     758.7    2950.0     772.1    3000.0     772.7    3050.0     778.8
    3100.0     784.7    3150.0     792.5    3200.0     796.7    3250.0     800.4
    3300.0     802.5    3350.0     804.7    3400.0     809.6    3450.0     811.6
    3500.0     813.1    3550.0     814.6    3600.0     816.3    3650.0     818.0
    3700.0     819.6    3750.0     821.5    3800.0     823.5    3850.0     825.6
    3900.0     827.8    3950.0     830.7    4000.0     835.4    4050.0     840.7
    4100.0     845.6    4150.0     848.3    4200.0     848.6    4250.0     846.8
    4300.0     861.7    4350.0     867.3    4400.0     865.4    4450.0     860.6
    4500.0     863.2    4550.0     872.1    4600.0     879.1    4650.0     885.7
    4700.0     931.5 /
23290   50    1   RM=162.00, SNAKE River
    1   27
    2400.0     946.0    2450.0     905.4    2500.0     865.0    2550.0     826.5
    2600.0     809.6    2650.0     803.0    2700.0     802.9    2750.0     805.1
    2800.0     798.4    2850.0     793.7    2900.0     790.8    2950.0     785.0
    3000.0     780.6    3050.0     775.1    3100.0     769.9    3150.0     769.5
    3200.0     770.5    3250.0     771.4    3300.0     775.6    3350.0     779.8
    3400.0     781.5    3450.0     787.8    3500.0     801.6    3550.0     824.5
    3600.0     846.2    3650.0     875.8    3700.0     943.0 /
23300   50    1   RM=162.50, SNAKE River
    1   29
    2400.0     947.1    2450.0     898.2    2500.0     839.1    2550.0     834.1
    2600.0     829.5    2650.0     825.6    2700.0     822.7    2750.0     820.1
    2800.0     818.1    2850.0     816.1    2900.0     813.1    2950.0     809.3
    3000.0     806.3    3050.0     803.0    3100.0     799.7    3150.0     796.3
    3200.0     789.4    3250.0     780.2    3300.0     769.9    3350.0     759.7
    3400.0     753.3    3450.0     752.5    3500.0     767.3    3550.0     783.0
    3600.0     800.9    3650.0     828.3    3700.0     853.5    3750.0     889.5
    3800.0     937.0 /
23310   50    1   RM=163.00, SNAKE River
    1   29
    2450.0     946.0    2500.0     906.2    2550.0     849.7    2600.0     810.5
    2650.0     801.6    2700.0     795.9    2750.0     795.0    2800.0     795.0
    2850.0     795.0    2900.0     794.0    2950.0     791.9    3000.0     790.1
    3050.0     790.0    3100.0     790.0    3150.0     790.0    3200.0     790.4
    3250.0     791.1    3300.0     790.6    3350.0     787.7    3400.0     783.5
    3450.0     776.3    3500.0     763.8    3550.0     765.4    3600.0     778.3
    3650.0     793.4    3700.0     820.5    3750.0     843.0    3800.0     896.8
    3850.0     954.9 /
23320   50    1   RM=163.50, SNAKE River
    1   23
    2500.0     921.0    2550.0     877.4    2600.0     839.6    2650.0     819.1
    2700.0     806.9    2750.0     797.4    2800.0     788.3    2850.0     786.4
    2900.0     785.1    2950.0     774.7    3000.0     768.1    3050.0     772.4
    3100.0     776.1    3150.0     781.7    3200.0     786.4    3250.0     791.1
    3300.0     793.5    3350.0     799.3    3400.0     803.5    3450.0     804.3
    3500.0     834.3    3550.0     852.4    3600.0     874.1 /
23330   50    1   RM=164.00, SNAKE River
    1   22
    2500.0     907.8    2550.0     873.4    2600.0     853.5    2650.0     848.0
    2700.0     846.4    2750.0     841.3    2800.0     801.8    2850.0     792.3
    2900.0     779.6    2950.0     771.6    3000.0     768.2    3050.0     769.2
    3100.0     771.5    3150.0     775.5    3200.0     778.3    3250.0     780.8
    3300.0     784.6    3350.0     791.8    3400.0     802.5    3450.0     820.8
    3500.0     841.0    3550.0     885.3 /
23340   50    1   RM=164.50, SNAKE River
    1   27
    2450.0     925.5    2500.0     876.5    2550.0     865.4    2600.0     855.3
    2650.0     847.3    2700.0     840.5    2750.0     835.1    2800.0     830.0
    2850.0     823.1    2900.0     814.0    2950.0     805.6    3000.0     802.2
    3050.0     799.4    3100.0     796.1    3150.0     793.6    3200.0     791.7
    3250.0     789.7    3300.0     787.8    3350.0     785.1    3400.0     783.7
    3450.0     786.9    3500.0     786.0    3550.0     786.9    3600.0     791.7
    3650.0     801.9    3700.0     852.9    3750.0     921.5 /
23350   50    1   RM=165.00, SNAKE River
    1   32
    2250.0     957.7    2300.0     914.0    2350.0     869.8    2400.0     840.5
    2450.0     816.3    2500.0     801.8    2550.0     795.9    2600.0     793.4
    2650.0     791.8    2700.0     790.6    2750.0     789.5    2800.0     788.6
    2850.0     788.7    2900.0     789.2    2950.0     789.7    3000.0     789.5
    3050.0     789.4    3100.0     790.3    3150.0     792.0    3200.0     793.5
    3250.0     794.9    3300.0     801.2    3350.0     808.5    3400.0     813.7
    3450.0     819.3    3500.0     831.6    3550.0     838.7    3600.0     848.9
    3650.0     861.8    3700.0     880.7    3750.0     893.5    3800.0     970.9 /
23360   50    1   RM=165.50, SNAKE River
    1   30
    2250.0     971.7    2300.0     932.5    2350.0     896.1    2400.0     843.4
    2450.0     813.4    2500.0     799.6    2550.0     795.7    2600.0     792.9
    2650.0     790.2    2700.0     782.8    2750.0     780.2    2800.0     785.7
    2850.0     798.0    2900.0     806.4    2950.0     816.3    3000.0     823.2
    3050.0     827.3    3100.0     832.4    3150.0     836.6    3200.0     839.3
    3250.0     841.1    3300.0     844.8    3350.0     847.1    3400.0     851.5
    3450.0     856.6    3500.0     862.0    3550.0     867.7    3600.0     874.6
    3650.0     896.8    3700.0     947.2 /
23370   50    1   RM=166.00, SNAKE River
    1   27
    2400.0     896.9    2450.0     860.9    2500.0     853.6    2550.0     849.3
    2600.0     844.7    2650.0     840.8    2700.0     836.4    2750.0     831.3
    2800.0     825.5    2850.0     816.9    2900.0     808.7    2950.0     804.1
    3000.0     799.3    3050.0     795.8    3100.0     790.9    3150.0     786.9
    3200.0     782.8    3250.0     784.4    3300.0     788.4    3350.0     793.2
    3400.0     798.6    3450.0     815.2    3500.0     833.9    3550.0     851.6
    3600.0     869.2    3650.0     902.3    3700.0     956.7 /
23380   50    1   RM=166.50, SNAKE River
    1   28
    2250.0     960.4    2300.0     920.4    2350.0     907.3    2400.0     898.9
    2450.0     888.3    2500.0     876.9    2550.0     865.0    2600.0     857.8
    2650.0     853.4    2700.0     847.4    2750.0     841.6    2800.0     831.5
    2850.0     823.0    2900.0     814.8    2950.0     805.3    3000.0     797.9
    3050.0     793.0    3100.0     788.0    3150.0     788.2    3200.0     791.3
    3250.0     793.8    3300.0     798.7    3350.0     802.9    3400.0     812.7
    3450.0     828.9    3500.0     842.2    3550.0     865.0    3600.0     924.6 /
23390   50    1   RM=167.00, SNAKE River
    1   32
    2200.0     943.6    2250.0     898.2    2300.0     873.9    2350.0     857.0
    2400.0     851.2    2450.0     847.8    2500.0     844.8    2550.0     842.0
    2600.0     834.8    2650.0     818.0    2700.0     811.7    2750.0     808.9
    2800.0     807.1    2850.0     805.4    2900.0     804.7    2950.0     804.8
    3000.0     805.1    3050.0     804.5    3100.0     803.5    3150.0     802.0
    3200.0     800.3    3250.0     801.3    3300.0     803.6    3350.0     805.0
    3400.0     807.1    3450.0     827.4    3500.0     864.2    3550.0     882.5
    3600.0     890.7    3650.0     899.4    3700.0     927.9    3750.0     950.9 /
